key,speech_date,speech_time,company_id,company_name,subject,matched_keywords,enterDate,marketKind,serialNumber,detail_json,fetched_at_tw
1150119|sii|8467|1,115/01/19,15:10:27,8467,波力-KY,本公司修訂「中華民國境內第二次有擔保轉換公司債發行及轉換辦法」及「中華民國境內第三次無擔保轉換公司債發行及轉換辦法」之債權人異議期間屆滿公告,公司債,1150119,sii,1,"{""code"": 200, ""message"": ""查詢成功"", ""result"": {""marketName"": ""上市公司"", ""companyId"": ""8467"", ""data"": [[1, ""115/01/19"", ""15:10:27"", ""戴珮君"", ""財會處處長"", ""(04)2537-6022"", ""本公司修訂「中華民國境內第二次有擔保轉換公司債發行\r\n及轉換辦法」及「中華民國境內第三次無擔保轉換公司債發行\r\n及轉換辦法」之債權人異議期間屆滿公告"", ""51"", ""115/01/19"", ""1.事實發生日:115/01/19\n2.公司名稱:波力環球企業股份有限公司\n3.與公司關係(請輸入本公司或子公司):本公司\n4.相互持股比例:不適用\n5.發生緣由:\n依照本公司114年12月15日董事會通過修訂「中華民國境內第二次有擔保轉換公司債發\n行及轉換辦法」及「中華民國境內第三次無擔保轉換公司債發行及轉換辦法」之債權\n人公告，債權人異議期間自114年12月15日至115年1月16日止。\n6.因應措施:\n截至115年1月16日止，債權人異議期間已屆滿三十日，且無債權人提出異議聲明，依\n照公司法第248條第4項規定，將修訂後「中華民國境內第二次有擔保轉換公司債發行　\n及轉換辦法」及「中華民國境內第三次無擔保轉換公司債發行及轉換辦法」呈奉證券\n主管機關申報核准。\n7.其他應敘明事項(若事件發生或決議之主體係屬公開發行以上公司，本則重大訊息同時\n  符合證券交易法施行細則第7條第9款所定對股東權益或證券價格有重大影響之事項):\n本次修訂「中華民國境內第二次有擔保轉換公司債發行及轉換辦法」及「中華民國境內\n第三次無擔保轉換公司債發行及轉換辦法」部分條文相關事項，若因事實需要、法令規\n定或經主管機關審核要求而需修正或調整時，授權董事長全權處理。""]], ""footer"": [""以上資料均由各公司依發言當時所屬市場別之規定申報後，由本系統對外公佈，資料如有虛偽不實，均由該公司負責。""], ""header"": {""note"": [], ""subTitle"": [], ""mainTitle"": [""公司當日重大訊息之詳細內容""]}, ""titles"": [{""main"": ""序號"", ""sub"": []}, {""main"": ""發言日期"", ""sub"": []}, {""main"": ""發言時間"", ""sub"": []}, {""main"": ""發言人"", ""sub"": []}, {""main"": ""發言人職稱"", ""sub"": []}, {""main"": ""發言人電話"", ""sub"": []}, {""main"": ""主旨"", ""sub"": []}, {""main"": ""符合條款"", ""sub"": []}, {""main"": ""事實發生日"", ""sub"": []}, {""main"": ""說明"", ""sub"": []}], ""companyAbbreviation"": ""波力-KY""}, ""datetime"": ""115/01/19 19:43:54""}",2026-01-19 19:43:52
1150119|sii|6239|1,115/01/19,15:38:26,6239,力成,係因本公司有價證券於集中交易市場達公布注意交易資訊標準，故公布相關財務業務等重大訊息，以利投資人區別瞭解。,有價證券,1150119,sii,1,"{""code"": 200, ""message"": ""查詢成功"", ""result"": {""marketName"": ""上市公司"", ""companyId"": ""6239"", ""data"": [[1, ""115/01/19"", ""15:38:26"", ""沈俊宏"", ""財務長"", ""03-5980300"", ""係因本公司有價證券於集中交易市場達公布注意交易資訊\r\n標準，故公布相關財務業務等重大訊息，以利投資人區別\r\n瞭解。"", ""51"", ""115/01/19"", ""1.事實發生日:115/01/19\n2.發生緣由:因本公司有價證券於集中交易市場達公布注意交易資訊標準，\n          故依「臺灣證券交易所股份有限公司」通知公告辦理。\n3.財務業務資訊:\n                (月)                      (季)          (最近四季累計)\n--------------------------------------------------------------------------\n          最近一月    與去年       最近一季     與去年     (113年第4季\n科目     (114年11月)  同期增減%   (114年第3季)  同期增減%   至114年第3季)\n          (自結數)                 (核閱數)                (查核/核閱數)\n==========================================================================\n營業收入    7,140     25.07%        19,968        9.10%          70,619\n (百萬)\n稅前淨利      976     19.46%         2,370      -12.35%           8,071\n (百萬)\n歸屬母公司\n 業主淨利     786     16.27%         2,035       -5.44%           6,816\n (百萬)\n 每股盈餘    0.83     15.28%          2.08       -8.77%            7.00\n  (元)\n4.有無「臺灣證券交易所股份有限公司對有價證券上市公司重大訊息之查證暨公開處理\n  程序」第4條所列重大訊息之情事（如「有」，請說明）:無。\n5.有無「臺灣證券交易所股份有限公司對有價證券上市公司重大訊息之查證暨公開處理\n  程序」第11條所列重大訊息說明記者會之情事:無。\n6.完整財務資訊請至公開資訊觀測站查閱，路徑如下：\n(1)近期營業收入及損益資訊：基本資料>精華版\n(2)歷史每月營業收入：營運概況>每月營收>採用IFRSs後之月營業收入資訊\n(3)歷史損益(會計師查核/核閱數)：財務報表>採IFRSs後>合併/個別報表>綜合損益表\n(4)歷史損益(自願性公告自結數)：營運概況>自結損益公告:季申報\n7.其他應敘明事項:無。""]], ""footer"": [""以上資料均由各公司依發言當時所屬市場別之規定申報後，由本系統對外公佈，資料如有虛偽不實，均由該公司負責。""], ""header"": {""note"": [], ""subTitle"": [], ""mainTitle"": [""公司當日重大訊息之詳細內容""]}, ""titles"": [{""main"": ""序號"", ""sub"": []}, {""main"": ""發言日期"", ""sub"": []}, {""main"": ""發言時間"", ""sub"": []}, {""main"": ""發言人"", ""sub"": []}, {""main"": ""發言人職稱"", ""sub"": []}, {""main"": ""發言人電話"", ""sub"": []}, {""main"": ""主旨"", ""sub"": []}, {""main"": ""符合條款"", ""sub"": []}, {""main"": ""事實發生日"", ""sub"": []}, {""main"": ""說明"", ""sub"": []}], ""companyAbbreviation"": ""力成""}, ""datetime"": ""115/01/19 19:43:55""}",2026-01-19 19:43:52
1150119|sii|6834|1,115/01/19,15:55:41,6834,天二科技,係因本公司有價證券於集中交易市場達公布注意交易資訊標準，故公布相關財務業務等重大訊息，以利投資人區別瞭解。,有價證券,1150119,sii,1,"{""code"": 200, ""message"": ""查詢成功"", ""result"": {""marketName"": ""上市公司"", ""companyId"": ""6834"", ""data"": [[1, ""115/01/19"", ""15:55:41"", ""黃弘傑"", ""總經理"", ""07-8116611#701"", ""係因本公司有價證券於集中交易市場達公布注意交易資訊\r\n標準， 故公布相關財務業務等重大訊息，以利投資人區別\r\n瞭解。"", ""51"", ""115/01/19"", ""1.事實發生日:115/01/19\n2.發生緣由:依臺灣證券交易所股份有限公司通知辦理。\n3.財務業務資訊:\n 期間              (月)       (月)       (季)        (季)   (最近四季累計)\n==============  =========== ========= ============ ========= ==============\n 科目             最近一月   與去年     最近一季    與去年    113年第4季至\n                  114年12月  同期增減   114年第3季  同期增減   114年第3季\n                 合併自結數    (%)     合併核閱數     (%)     合併查核數\n==============  =========== ========= ============ ========= ==============\n 營業收入(百萬)　　    115　　 1.77　　　    365 　　 4.88　　　　  1,431\n 稅前淨利(百萬)　　      2　 -71.43　　　     50　  117.39　　　　     36\n 歸屬母公司業主淨利　    1　 -85.71　　　     40　  122.22　　　　     27\n (百萬)\n 每股盈餘(元)　　　   0.01　 -87.50 　　    0.45　  125.00　　　　   0.31\n4.有無「臺灣證券交易所股份有限公司對有價證券上市公司重大訊息之查證暨公開處理\n  程序」第4條所列重大訊息之情事（如「有」，請說明）:無。\n5.有無「臺灣證券交易所股份有限公司對有價證券上市公司重大訊息之查證暨公開處理\n  程序」第11條所列重大訊息說明記者會之情事:無。\n6.完整財務資訊請至公開資訊觀測站查閱，路徑如下：\n(1)近期營業收入及損益資訊：基本資料>精華版\n(2)歷史每月營業收入：營運概況>每月營收>採用IFRSs後之月營業收入資訊\n(3)歷史損益(會計師查核/核閱數)：財務報表>採IFRSs後>合併/個別報表>綜合損益表\n(4)歷史損益(自願性公告自結數)：營運概況>自結損益公告:無。\n7.其他應敘明事項:無。""]], ""footer"": [""以上資料均由各公司依發言當時所屬市場別之規定申報後，由本系統對外公佈，資料如有虛偽不實，均由該公司負責。""], ""header"": {""note"": [], ""subTitle"": [], ""mainTitle"": [""公司當日重大訊息之詳細內容""]}, ""titles"": [{""main"": ""序號"", ""sub"": []}, {""main"": ""發言日期"", ""sub"": []}, {""main"": ""發言時間"", ""sub"": []}, {""main"": ""發言人"", ""sub"": []}, {""main"": ""發言人職稱"", ""sub"": []}, {""main"": ""發言人電話"", ""sub"": []}, {""main"": ""主旨"", ""sub"": []}, {""main"": ""符合條款"", ""sub"": []}, {""main"": ""事實發生日"", ""sub"": []}, {""main"": ""說明"", ""sub"": []}], ""companyAbbreviation"": ""天二科技""}, ""datetime"": ""115/01/19 19:43:56""}",2026-01-19 19:43:52
1150119|sii|8150|1,115/01/19,15:58:46,8150,南茂,係因本公司有價證券於集中交易市場達公布注意交易資訊標準，故公布相關財務業務等重大訊息，以利投資人區別瞭解。,有價證券,1150119,sii,1,"{""code"": 200, ""message"": ""查詢成功"", ""result"": {""marketName"": ""上市公司"", ""companyId"": ""8150"", ""data"": [[1, ""115/01/19"", ""15:58:46"", ""黃國樑"", ""資深副總經理"", ""03-5770055"", ""係因本公司有價證券於集中交易市場達公布注意交易資訊\r\n標準，故公布相關財務業務等重大訊息，以利投資人區別\r\n瞭解。"", ""51"", ""115/01/19"", ""1.事實發生日:115/01/19\n2.發生緣由:因本公司有價證券於集中交易市場達公布注意交易資訊標準，\n          故依「臺灣證券交易所股份有限公司」通知公告辦理。\n3.財務業務資訊:\n           (月)                      (季)              (最近四季累計)\n--------------------------    ---------------------   -----------------\n        最近一月    與去年      最近一季     與去年      (113年第4季\n科目   (114年11月)  同期       (114年第3季)  同期        至114年第3季)\n        (自結數)    增減%       (核閱數)     增減%       (查核/核閱數)\n==========================    =====================   =================\n營業收入   2,140    16.6%        6,144       1.3%           22,812\n(百萬)\n稅前淨利     304   245.5%          438      23.4%              247\n(百萬)\n歸屬母公司\n業主淨利     255   240.0%          352      17.7%              227\n(百萬)\n每股盈餘    0.37   270.0%         0.50      22.0%             0.31\n(元)\n4.有無「臺灣證券交易所股份有限公司對有價證券上市公司重大訊息之查證暨公開處理\n  程序」第4條所列重大訊息之情事（如「有」，請說明）:無。\n5.有無「臺灣證券交易所股份有限公司對有價證券上市公司重大訊息之查證暨公開處理\n  程序」第11條所列重大訊息說明記者會之情事:無。\n6.完整財務資訊請至公開資訊觀測站查閱，路徑如下：\n(1)近期營業收入及損益資訊：基本資料>精華版\n(2)歷史每月營業收入：營運概況>每月營收>採用IFRSs後之月營業收入資訊\n(3)歷史損益(會計師查核/核閱數)：財務報表>採IFRSs後>合併/個別報表>綜合損益表\n(4)歷史損益(自願性公告自結數)：營運概況>自結損益公告:\n7.其他應敘明事項:無。""]], ""footer"": [""以上資料均由各公司依發言當時所屬市場別之規定申報後，由本系統對外公佈，資料如有虛偽不實，均由該公司負責。""], ""header"": {""note"": [], ""subTitle"": [], ""mainTitle"": [""公司當日重大訊息之詳細內容""]}, ""titles"": [{""main"": ""序號"", ""sub"": []}, {""main"": ""發言日期"", ""sub"": []}, {""main"": ""發言時間"", ""sub"": []}, {""main"": ""發言人"", ""sub"": []}, {""main"": ""發言人職稱"", ""sub"": []}, {""main"": ""發言人電話"", ""sub"": []}, {""main"": ""主旨"", ""sub"": []}, {""main"": ""符合條款"", ""sub"": []}, {""main"": ""事實發生日"", ""sub"": []}, {""main"": ""說明"", ""sub"": []}], ""companyAbbreviation"": ""南茂""}, ""datetime"": ""115/01/19 19:43:57""}",2026-01-19 19:43:52
1150119|sii|6152|1,115/01/19,16:01:55,6152,百一,係因本公司有價證券於集中市場達公布注意交易資訊標準，故公布相關財務業務等重大訊息，以利投資人區別瞭解。,有價證券,1150119,sii,1,"{""code"": 200, ""message"": ""查詢成功"", ""result"": {""marketName"": ""上市公司"", ""companyId"": ""6152"", ""data"": [[1, ""115/01/19"", ""16:01:55"", ""陳衍史"", ""總經理(代理)"", ""03-4615000 # 305"", ""係因本公司有價證券於集中市場達公布注意交易資訊標準，\r\n故公布相關財務業務等重大訊息，以利投資人區別瞭解。"", ""51"", ""115/01/19"", ""1.事實發生日:115/01/19\n2.發生緣由:依據臺灣證券交易所股份有限公司指示辦理。\n3.財務業務資訊:\n期間　　　　　　　月　　　　　　　　　　　季　　　　　　最近四季累計\n＝＝＝＝　＝＝＝＝＝＝＝＝＝＝＝　＝＝＝＝＝＝＝＝＝＝＝　＝＝＝＝＝＝\n　　　　　 最近一月　　與去年　　　最近一季　　與去年　　　 113年第4季\n　科目　　 114年12月　同期增減%　 114年第3季    同期增減%　 至114年第3季\n　　　　　 (自結數)　　　　　　　　(核閱數)　　　　　　　    (核閱數)\n＝＝＝＝　＝＝＝＝＝　＝＝＝＝＝　＝＝＝＝＝　＝＝＝＝＝　  ＝＝＝＝＝＝\n營業收入　　　167　　  -6.86%　　　 　368　　　  -39.97%　　　   1,556\n (百萬)\n稅前淨利　　　  5　　 178.70%　　　　 -31　　    -6.55%　　　　   -220\n (百萬)\n歸屬母公司\n業主淨利　 　 -26 　 -264.11%　　　　 -32　　　  -10.87%　　　　  -219\n (百萬)\n每股盈餘　　-0.15　　-275.00%       -0.19        -11.76%          -1.31\n (元)\n4.有無「臺灣證券交易所股份有限公司對有價證券上市公司重大訊息之查證暨公開處理\n  程序」第4條所列重大訊息之情事（如「有」，請說明）:無。\n5.有無「臺灣證券交易所股份有限公司對有價證券上市公司重大訊息之查證暨公開處理\n  程序」第11條所列重大訊息說明記者會之情事:無。\n6.完整財務資訊請至公開資訊觀測站查閱，路徑如下：\n(1)近期營業收入及損益資訊：基本資料>精華版\n(2)歷史每月營業收入：營運概況>每月營收>採用IFRSs後之月營業收入資訊\n(3)歷史損益(會計師查核/核閱數)：財務報表>採IFRSs後>合併/個別報表>綜合損益表\n(4)歷史損益(自願性公告自結數)：營運概況>自結損益公告:\n7.其他應敘明事項:無。""]], ""footer"": [""以上資料均由各公司依發言當時所屬市場別之規定申報後，由本系統對外公佈，資料如有虛偽不實，均由該公司負責。""], ""header"": {""note"": [], ""subTitle"": [], ""mainTitle"": [""公司當日重大訊息之詳細內容""]}, ""titles"": [{""main"": ""序號"", ""sub"": []}, {""main"": ""發言日期"", ""sub"": []}, {""main"": ""發言時間"", ""sub"": []}, {""main"": ""發言人"", ""sub"": []}, {""main"": ""發言人職稱"", ""sub"": []}, {""main"": ""發言人電話"", ""sub"": []}, {""main"": ""主旨"", ""sub"": []}, {""main"": ""符合條款"", ""sub"": []}, {""main"": ""事實發生日"", ""sub"": []}, {""main"": ""說明"", ""sub"": []}], ""companyAbbreviation"": ""百一""}, ""datetime"": ""115/01/19 19:43:58""}",2026-01-19 19:43:52
1150119|sii|1519|1,115/01/19,16:03:18,1519,華城,係因本公司有價證券於集中交易市場達公布注意交易資訊標準，故公布相關財務業務等重大訊息，以利投資人區別瞭解,有價證券,1150119,sii,1,"{""code"": 200, ""message"": ""查詢成功"", ""result"": {""marketName"": ""上市公司"", ""companyId"": ""1519"", ""data"": [[1, ""115/01/19"", ""16:03:18"", ""許逸德"", ""總經理"", ""02-27047001-218"", ""係因本公司有價證券於集中交易市場達公布注意交易資訊標準，\r\n故公布相關財務業務等重大訊息，以利投資人區別瞭解"", ""51"", ""115/01/19"", ""1.事實發生日:115/01/19\n2.發生緣由:依據臺灣證券交易所股份有限公司通知辦理\n3.財務業務資訊:以下為IFRS 合併財務資訊(單位：新台幣)\n期間          (月)                      (季)                (最近四季累計)\n------        --------                ---------\n             最近1月       與去年     最近1季      與去年    113年第4季至\n科目        (114年12月)    同期增減   (114年第3季) 同期增減  114年第3季\n             自結數        (%)         查核數      (%)         查核數\n=========================================================================\n營業收入(百萬)      3,889       11%       5,832           9%      23,489\n稅前淨(損)利(百萬)    950       18%       1,376         -11%       5,530\n歸屬母公司業主\n    淨(損)利(百萬)    760       18%       1,090         -11%       4,305\n每股(損失)盈餘(元)   2.41        7%        3.45         -19%       13.63\n4.有無「臺灣證券交易所股份有限公司對有價證券上市公司重大訊息之查證暨公開處理\n  程序」第4條所列重大訊息之情事（如「有」，請說明）:無\n5.有無「臺灣證券交易所股份有限公司對有價證券上市公司重大訊息之查證暨公開處理\n  程序」第11條所列重大訊息說明記者會之情事:無\n6.完整財務資訊請至公開資訊觀測站查閱，路徑如下：\n(1)近期營業收入及損益資訊：基本資料>精華版\n(2)歷史每月營業收入：營運概況>每月營收>採用IFRSs後之月營業收入資訊\n(3)歷史損益(會計師查核/核閱數)：財務報表>採IFRSs後>合併/個別報表>綜合損益表\n(4)歷史損益(自願性公告自結數)：營運概況>自結損益公告:無\n7.其他應敘明事項:本公司營運一切正常，公司於集中市場股價價格變動係由市場自由\n交易機制所決定，與本公司並無關聯。""]], ""footer"": [""以上資料均由各公司依發言當時所屬市場別之規定申報後，由本系統對外公佈，資料如有虛偽不實，均由該公司負責。""], ""header"": {""note"": [], ""subTitle"": [], ""mainTitle"": [""公司當日重大訊息之詳細內容""]}, ""titles"": [{""main"": ""序號"", ""sub"": []}, {""main"": ""發言日期"", ""sub"": []}, {""main"": ""發言時間"", ""sub"": []}, {""main"": ""發言人"", ""sub"": []}, {""main"": ""發言人職稱"", ""sub"": []}, {""main"": ""發言人電話"", ""sub"": []}, {""main"": ""主旨"", ""sub"": []}, {""main"": ""符合條款"", ""sub"": []}, {""main"": ""事實發生日"", ""sub"": []}, {""main"": ""說明"", ""sub"": []}], ""companyAbbreviation"": ""華城""}, ""datetime"": ""115/01/19 19:43:58""}",2026-01-19 19:43:52
1150119|sii|4739|1,115/01/19,16:10:19,4739,康普,公告本公司114年現金增資收足股款暨增資基準日,現金增資,1150119,sii,1,"{""code"": 200, ""message"": ""查詢成功"", ""result"": {""marketName"": ""上市公司"", ""companyId"": ""4739"", ""data"": [[1, ""115/01/19"", ""16:10:19"", ""陸柏儒"", ""財會處長"", ""(03)598-3101"", ""公告本公司114年現金增資收足股款暨增資基準日"", ""51"", ""115/01/19"", ""1.事實發生日:115/01/19\n2.公司名稱:康普材料科技股份有限公司\n3.與公司關係(請輸入本公司或子公司):本公司\n4.相互持股比例:不適用\n5.發生緣由:\n(1)依據發行人募集與發行有價證券處理準則辦理公告。\n(2)本公司辦理114年現金增資發行普通股6,000,000股，每股發行價格新台幣58元，實\n收股款總額新台幣348,000,000元，業已收足股款，並訂115年1月19日為增資基準日。\n6.因應措施:無\n7.其他應敘明事項(若事件發生或決議之主體係屬公開發行以上公司，本則重大訊息同時\n  符合證券交易法施行細則第7條第9款所定對股東權益或證券價格有重大影響之事項):\n預定股款繳納憑證上市日期為115年1月22日。""]], ""footer"": [""以上資料均由各公司依發言當時所屬市場別之規定申報後，由本系統對外公佈，資料如有虛偽不實，均由該公司負責。""], ""header"": {""note"": [], ""subTitle"": [], ""mainTitle"": [""公司當日重大訊息之詳細內容""]}, ""titles"": [{""main"": ""序號"", ""sub"": []}, {""main"": ""發言日期"", ""sub"": []}, {""main"": ""發言時間"", ""sub"": []}, {""main"": ""發言人"", ""sub"": []}, {""main"": ""發言人職稱"", ""sub"": []}, {""main"": ""發言人電話"", ""sub"": []}, {""main"": ""主旨"", ""sub"": []}, {""main"": ""符合條款"", ""sub"": []}, {""main"": ""事實發生日"", ""sub"": []}, {""main"": ""說明"", ""sub"": []}], ""companyAbbreviation"": ""康普""}, ""datetime"": ""115/01/19 19:43:59""}",2026-01-19 19:43:52
1150116|sii|3715|1,115/01/19,16:19:33,3715,定穎投控,公告本公司國內第一次無擔保轉換公司債收足債款,公司債,1150116,sii,1,"{""code"": 200, ""message"": ""查詢成功"", ""result"": {""marketName"": ""上市公司"", ""companyId"": ""3715"", ""data"": [[1, ""115/01/19"", ""16:19:33"", ""劉國瑾"", ""總經理"", ""03-3493300"", ""公告本公司國內第一次無擔保轉換公司債收足債款"", ""51"", ""115/01/19"", ""1.事實發生日:115/01/19\n2.公司名稱:定穎投資控股股份有限公司\n3.與公司關係(請輸入本公司或子公司):本公司\n4.相互持股比例:不適用\n5.發生緣由:依據「發行人募集與發行有價證券處理準則」第九條第一項第二款規定\n辦理公告，本公司發行國內第一次無擔保轉換公司債至公告日止，債款代收銀行業\n已收足所有應募款項共計新台幣505,000,000元整，並匯撥至存儲專戶銀行，\n特此公告。\n6.因應措施:無\n7.其他應敘明事項(若事件發生或決議之主體係屬公開發行以上公司，本則重大訊息同時\n  符合證券交易法施行細則第7條第9款所定對股東權益或證券價格有重大影響之事項):\n無""]], ""footer"": [""以上資料均由各公司依發言當時所屬市場別之規定申報後，由本系統對外公佈，資料如有虛偽不實，均由該公司負責。""], ""header"": {""note"": [], ""subTitle"": [], ""mainTitle"": [""公司當日重大訊息之詳細內容""]}, ""titles"": [{""main"": ""序號"", ""sub"": []}, {""main"": ""發言日期"", ""sub"": []}, {""main"": ""發言時間"", ""sub"": []}, {""main"": ""發言人"", ""sub"": []}, {""main"": ""發言人職稱"", ""sub"": []}, {""main"": ""發言人電話"", ""sub"": []}, {""main"": ""主旨"", ""sub"": []}, {""main"": ""符合條款"", ""sub"": []}, {""main"": ""事實發生日"", ""sub"": []}, {""main"": ""說明"", ""sub"": []}], ""companyAbbreviation"": ""定穎投控""}, ""datetime"": ""115/01/19 19:44:00""}",2026-01-19 19:43:52
1150119|sii|5215|1,115/01/19,17:08:53,5215,科嘉-KY,代子公司蘇州嘉吉/科德/嘉財/艾普來/百宏/嘉皇/嘉駿公告一年內累積處分同一有價證券達實收資本額20%,有價證券,1150119,sii,1,"{""code"": 200, ""message"": ""查詢成功"", ""result"": {""marketName"": ""上市公司"", ""companyId"": ""5215"", ""data"": [[1, ""115/01/19"", ""17:08:53"", ""林志峰"", ""董事長"", ""(02)2243-6177"", ""代子公司蘇州嘉吉/科德/嘉財/艾普來/百宏/嘉皇/嘉駿 \r\n公告一年內累積處分同一有價證券達實收資本額20%"", ""20"", ""115/01/19"", ""1.證券名稱:\r\n上海證券交易所一天期國債逆回購GC001，代碼204001\r\n2.交易日期:115/1/19~115/1/19\r\n3.董事會通過日期: 不適用\r\n4.其他核決日期:\r\n核決層級:董事長核決\r\n民國115年01月19日\r\n5.交易數量、每單位價格及交易總金額:\r\n艾普來：124,220單位，均價：1.425%，\r\n百宏：84,550單位，均價：1.420%，\r\n嘉財：1,237,530單位，均價：1.425%，\r\n嘉皇：114,440單位，均價：1.415%\r\n嘉吉：113,140單位，均價：1.425%\r\n科德：574,100單位，均價：1.420%，\r\n嘉駿：408,930單位，均價：1.411%，\r\n總金額：265,701仟元，(約新台幣1,188,111千元)\r\n6.處分利益（或損失）（取得有價證券者不適用）:\r\n處份利益人民幣10仟元\r\n7.與交易標的公司之關係:\r\n非關係人\r\n8.迄目前為止，累積持有本交易證券（含本次交易）之數量、金額、持股\r\n比例及權利受限情形（如質押情形）:\r\n蘇州艾普來 無\r\n蘇州百宏 無\r\n蘇州嘉財電子 無\r\n蘇州嘉皇電子 無\r\n蘇州嘉吉電子 無\r\n蘇州科德 無\r\n重慶嘉駿 無\r\n質押情形：無\r\n9.迄目前為止，依「公開發行公司取得或處分資產處理準則」第三條所列之有價證券投\r\n資（含本次交易）占公司最近期財務報表中總資產及歸屬於母公司業主之權益之比例\r\n暨最近期財務報表中營運資金數額:\r\n總資產之比例：26.83%\r\n占股東權益之比例：34.85%\r\n營運資金：新台幣2,218,109仟元\r\n10.取得或處分之具體目的:\r\n投資理財\r\n11.本次交易表示異議董事之意見:\r\n無\r\n12.本次交易為關係人交易:\r\n否\r\n13.交易相對人及其與公司之關係:\r\n不適用\r\n14.監察人承認或審計委員會同意日期:\r\n不適用\r\n15.前已就同一件事件發布重大訊息日期: 不適用\r\n16.其他敘明事項:\r\n無""]], ""footer"": [""以上資料均由各公司依發言當時所屬市場別之規定申報後，由本系統對外公佈，資料如有虛偽不實，均由該公司負責。""], ""header"": {""note"": [], ""subTitle"": [], ""mainTitle"": [""公司當日重大訊息之詳細內容""]}, ""titles"": [{""main"": ""序號"", ""sub"": []}, {""main"": ""發言日期"", ""sub"": []}, {""main"": ""發言時間"", ""sub"": []}, {""main"": ""發言人"", ""sub"": []}, {""main"": ""發言人職稱"", ""sub"": []}, {""main"": ""發言人電話"", ""sub"": []}, {""main"": ""主旨"", ""sub"": []}, {""main"": ""符合條款"", ""sub"": []}, {""main"": ""事實發生日"", ""sub"": []}, {""main"": ""說明"", ""sub"": []}], ""companyAbbreviation"": ""科嘉-KY""}, ""datetime"": ""115/01/19 19:44:01""}",2026-01-19 19:43:52
1150119|sii|5215|2,115/01/19,17:09:27,5215,科嘉-KY,代子公司蘇州嘉吉/科德/嘉財/艾普來/百宏/嘉皇/嘉駿公告一年內累積取得同一有價證券達實收資本額20%,有價證券,1150119,sii,2,"{""code"": 200, ""message"": ""查詢成功"", ""result"": {""marketName"": ""上市公司"", ""companyId"": ""5215"", ""data"": [[2, ""115/01/19"", ""17:09:27"", ""林志峰"", ""董事長"", ""(02)2243-6177"", ""代子公司蘇州嘉吉/科德/嘉財/艾普來/百宏/嘉皇/嘉駿 \r\n公告一年內累積取得同一有價證券達實收資本額20%"", ""20"", ""115/01/19"", ""1.證券名稱:\r\n上海證券交易所一天期國債逆回購GC001，代碼204001\r\n2.交易日期:115/1/19~115/1/19\r\n3.董事會通過日期: 不適用\r\n4.其他核決日期:\r\n核決層級:董事長核決\r\n民國115年01月19日\r\n5.交易數量、每單位價格及交易總金額:\r\n艾普來：124,230單位，均價：1.600%，\r\n百宏：84,550單位，均價：1.600%，\r\n嘉財：1,237,570單位，均價：1.600%，\r\n嘉皇：114,440單位，均價：1.600%\r\n嘉吉：113,140單位，均價：1.600%\r\n科德：582,920單位，均價：1.600%，\r\n嘉駿：408,950單位，均價：1.600%，\r\n總金額：266,580仟元，(約新台幣1,192,040千元)\r\n6.處分利益（或損失）（取得有價證券者不適用）:\r\n不適用\r\n7.與交易標的公司之關係:\r\n非關係人\r\n8.迄目前為止，累積持有本交易證券（含本次交易）之數量、金額、持股\r\n比例及權利受限情形（如質押情形）:\r\n艾普來：124,230單位，均價：1.600%，\r\n百宏：84,550單位，均價：1.600%，\r\n嘉財：1,237,570單位，均價：1.600%，\r\n嘉皇：114,440單位，均價：1.600%\r\n嘉吉：113,140單位，均價：1.600%\r\n科德：582,920單位，均價：1.600%，\r\n嘉駿：408,950單位，均價：1.600%，\r\n質押情形：無\r\n9.迄目前為止，依「公開發行公司取得或處分資產處理準則」第三條所列之有價證券投\r\n資（含本次交易）占公司最近期財務報表中總資產及歸屬於母公司業主之權益之比例\r\n暨最近期財務報表中營運資金數額:\r\n總資產之比例：26.92%\r\n占股東權益之比例：34.96%\r\n營運資金：新台幣2,218,109仟元\r\n10.取得或處分之具體目的:\r\n投資理財\r\n11.本次交易表示異議董事之意見:\r\n無\r\n12.本次交易為關係人交易:\r\n否\r\n13.交易相對人及其與公司之關係:\r\n不適用\r\n14.監察人承認或審計委員會同意日期:\r\n不適用\r\n15.前已就同一件事件發布重大訊息日期: 不適用\r\n16.其他敘明事項:\r\n無""]], ""footer"": [""以上資料均由各公司依發言當時所屬市場別之規定申報後，由本系統對外公佈，資料如有虛偽不實，均由該公司負責。""], ""header"": {""note"": [], ""subTitle"": [], ""mainTitle"": [""公司當日重大訊息之詳細內容""]}, ""titles"": [{""main"": ""序號"", ""sub"": []}, {""main"": ""發言日期"", ""sub"": []}, {""main"": ""發言時間"", ""sub"": []}, {""main"": ""發言人"", ""sub"": []}, {""main"": ""發言人職稱"", ""sub"": []}, {""main"": ""發言人電話"", ""sub"": []}, {""main"": ""主旨"", ""sub"": []}, {""main"": ""符合條款"", ""sub"": []}, {""main"": ""事實發生日"", ""sub"": []}, {""main"": ""說明"", ""sub"": []}], ""companyAbbreviation"": ""科嘉-KY""}, ""datetime"": ""115/01/19 19:44:01""}",2026-01-19 19:43:52
1150119|sii|2201|1,115/01/19,17:32:50,2201,裕隆,本公司修訂「國內第三次無擔保轉換公司債發行及轉換辦法」之債權人異議期間屆滿公告,公司債,1150119,sii,1,"{""code"": 200, ""message"": ""查詢成功"", ""result"": {""marketName"": ""上市公司"", ""companyId"": ""2201"", ""data"": [[1, ""115/01/19"", ""17:32:50"", ""卓哲宇"", ""協理"", ""037-871801-2901"", ""本公司修訂「國內第三次無擔保轉換公司債發行及轉換辦法」\r\n之債權人異議期間屆滿公告"", ""51"", ""115/01/19"", ""1.事實發生日:115/01/19\n2.公司名稱:裕隆汽車製造股份有限公司\n3.與公司關係(請輸入本公司或子公司):本公司\n4.相互持股比例:不適用\n5.發生緣由:\n依照本公司114年12月19日修訂「國內第三次無擔保轉換公司債發行及轉換辦法」\n之債權人公告，債權人異議期間自114年12月19日起至115年1月19日止。\n6.因應措施:\n(1)截至115年1月19日為止，債權人異議期間已屆滿三十日，且無債權人提出\n   異議聲明。\n(2)依照公司法第248條第4項規定，將修訂後「國內第三次無擔保轉換公司債\n   發行及轉換辦法」呈奉證券主管機關申報核准。\n7.其他應敘明事項(若事件發生或決議之主體係屬公開發行以上公司，本則重大訊息同時\n  符合證券交易法施行細則第7條第9款所定對股東權益或證券價格有重大影響之事項):\n無""]], ""footer"": [""以上資料均由各公司依發言當時所屬市場別之規定申報後，由本系統對外公佈，資料如有虛偽不實，均由該公司負責。""], ""header"": {""note"": [], ""subTitle"": [], ""mainTitle"": [""公司當日重大訊息之詳細內容""]}, ""titles"": [{""main"": ""序號"", ""sub"": []}, {""main"": ""發言日期"", ""sub"": []}, {""main"": ""發言時間"", ""sub"": []}, {""main"": ""發言人"", ""sub"": []}, {""main"": ""發言人職稱"", ""sub"": []}, {""main"": ""發言人電話"", ""sub"": []}, {""main"": ""主旨"", ""sub"": []}, {""main"": ""符合條款"", ""sub"": []}, {""main"": ""事實發生日"", ""sub"": []}, {""main"": ""說明"", ""sub"": []}], ""companyAbbreviation"": ""裕隆""}, ""datetime"": ""115/01/19 19:44:02""}",2026-01-19 19:43:52
1150119|sii|2337|2,115/01/19,17:52:33,2337,旺宏,奉櫃買中心通知本公司可轉換公司債旺宏二(代號:23372)價格變動達應公布注意交易資訊標準，而公布相關資訊事,公司債,1150119,sii,2,"{""code"": 200, ""message"": ""查詢成功"", ""result"": {""marketName"": ""上市公司"", ""companyId"": ""2337"", ""data"": [[2, ""115/01/19"", ""17:52:33"", ""吳敏求"", ""董事長兼執行長"", ""03-5786688"", ""奉櫃買中心通知本公司可轉換公司債旺宏二(代號:23372)\r\n價格變動達應公布注意交易資訊標準，而公布相關資訊事"", ""51"", ""115/01/19"", ""1.事實發生日:115/01/19\n2.發生緣由:本公司於今日下午16:25接獲櫃買中心通知表示，本公司可轉換公司債\n旺宏二(代號:23372)已達應公布注意交易資訊標準，爰奉櫃買中心指示公布下列訊息\n，以供投資人參酌。\n3.公司債相關資訊:\n旺宏二(23372)轉換公司債相關資訊：\n到期日期：117/03/24\n實際發行總額：新台幣3,000,000,000元整\n本月發行餘額：新台幣594,600,000元整 (截至115/01/19)\n最新轉換價格：23元\n轉換標的收盤價格(代號：2337)：73.7元 (115/01/19)\n轉換公司債收盤價格(代號: 23372)：322元 (115/01/19)\n4.其他應敘明事項:無""]], ""footer"": [""以上資料均由各公司依發言當時所屬市場別之規定申報後，由本系統對外公佈，資料如有虛偽不實，均由該公司負責。""], ""header"": {""note"": [], ""subTitle"": [], ""mainTitle"": [""公司當日重大訊息之詳細內容""]}, ""titles"": [{""main"": ""序號"", ""sub"": []}, {""main"": ""發言日期"", ""sub"": []}, {""main"": ""發言時間"", ""sub"": []}, {""main"": ""發言人"", ""sub"": []}, {""main"": ""發言人職稱"", ""sub"": []}, {""main"": ""發言人電話"", ""sub"": []}, {""main"": ""主旨"", ""sub"": []}, {""main"": ""符合條款"", ""sub"": []}, {""main"": ""事實發生日"", ""sub"": []}, {""main"": ""說明"", ""sub"": []}], ""companyAbbreviation"": ""旺宏""}, ""datetime"": ""115/01/19 19:44:03""}",2026-01-19 19:43:52
1150119|sii|2323|1,115/01/19,18:07:25,2323,中環,公告本公司取得有價證券,有價證券,1150119,sii,1,"{""code"": 200, ""message"": ""查詢成功"", ""result"": {""marketName"": ""上市公司"", ""companyId"": ""2323"", ""data"": [[1, ""115/01/19"", ""18:07:25"", ""陳君煒"", ""財務部協理"", ""02-25989890"", ""公告本公司取得有價證券"", ""20"", ""115/01/19"", ""1.證券名稱:\r\n金像電 普通股\r\n2.交易日期:115/1/2~115/1/19\r\n3.董事會通過日期: 不適用\r\n4.其他核決日期:\r\n核決層級:董事長核決\r\n民國115年01月19日\r\n5.交易數量、每單位價格及交易總金額:\r\n交易數量(仟股):520\r\n每單位價格(元):639.88\r\n交易總金額(元):332,738,739\r\n6.處分利益（或損失）（取得有價證券者不適用）:\r\n不適用\r\n7.與交易標的公司之關係:\r\n無\r\n8.迄目前為止，累積持有本交易證券（含本次交易）之數量、金額、持股\r\n比例及權利受限情形（如質押情形）:\r\n持有餘額:120,000股、金額:76,233,912元\r\n持股比例:0.024%、權利受限情形: 無\r\n9.迄目前為止，依「公開發行公司取得或處分資產處理準則」第三條所列之有價證券投\r\n資（含本次交易）占公司最近期財務報表中總資產及歸屬於母公司業主之權益之比例\r\n暨最近期財務報表中營運資金數額:\r\n占總資產比例:80.86%             \r\n占歸屬於母公司業主之權益比例:113.55%           \r\n營運資金數額:7,442,300仟元\r\n10.取得或處分之具體目的:\r\n投資組合\r\n11.本次交易表示異議董事之意見:\r\n無\r\n12.本次交易為關係人交易:\r\n否\r\n13.交易相對人及其與公司之關係:\r\n不適用\r\n14.監察人承認或審計委員會同意日期:\r\n不適用\r\n15.前已就同一件事件發布重大訊息日期: 不適用\r\n16.其他敘明事項:\r\n已於114/12/31授權有權交易人在115年第一季期間，得於集中交易市場進行有價證券交易""]], ""footer"": [""以上資料均由各公司依發言當時所屬市場別之規定申報後，由本系統對外公佈，資料如有虛偽不實，均由該公司負責。""], ""header"": {""note"": [], ""subTitle"": [], ""mainTitle"": [""公司當日重大訊息之詳細內容""]}, ""titles"": [{""main"": ""序號"", ""sub"": []}, {""main"": ""發言日期"", ""sub"": []}, {""main"": ""發言時間"", ""sub"": []}, {""main"": ""發言人"", ""sub"": []}, {""main"": ""發言人職稱"", ""sub"": []}, {""main"": ""發言人電話"", ""sub"": []}, {""main"": ""主旨"", ""sub"": []}, {""main"": ""符合條款"", ""sub"": []}, {""main"": ""事實發生日"", ""sub"": []}, {""main"": ""說明"", ""sub"": []}], ""companyAbbreviation"": ""中環""}, ""datetime"": ""115/01/19 19:44:04""}",2026-01-19 19:43:52
1150119|sii|2323|2,115/01/19,18:08:03,2323,中環,公告本公司取得有價證券,有價證券,1150119,sii,2,"{""code"": 200, ""message"": ""查詢成功"", ""result"": {""marketName"": ""上市公司"", ""companyId"": ""2323"", ""data"": [[2, ""115/01/19"", ""18:08:03"", ""陳君煒"", ""財務部協理"", ""02-25989890"", ""公告本公司取得有價證券"", ""20"", ""115/01/19"", ""1.證券名稱:\r\n上詮 普通股\r\n2.交易日期:115/1/2~115/1/19\r\n3.董事會通過日期: 不適用\r\n4.其他核決日期:\r\n核決層級:董事長核決\r\n民國115年01月19日\r\n5.交易數量、每單位價格及交易總金額:\r\n交易數量(仟股):710\r\n每單位價格(元):424.42\r\n交易總金額(元):301,337,926\r\n6.處分利益（或損失）（取得有價證券者不適用）:\r\n不適用\r\n7.與交易標的公司之關係:\r\n無\r\n8.迄目前為止，累積持有本交易證券（含本次交易）之數量、金額、持股\r\n比例及權利受限情形（如質押情形）:\r\n持有餘額:800,000股、金額:329,180,837元\r\n持股比例:0.77%、權利受限情形: 無\r\n9.迄目前為止，依「公開發行公司取得或處分資產處理準則」第三條所列之有價證券投\r\n資（含本次交易）占公司最近期財務報表中總資產及歸屬於母公司業主之權益之比例\r\n暨最近期財務報表中營運資金數額:\r\n占總資產比例:80.86%             \r\n占歸屬於母公司業主之權益比例:113.55%           \r\n營運資金數額:7,442,300仟元\r\n10.取得或處分之具體目的:\r\n投資組合\r\n11.本次交易表示異議董事之意見:\r\n無\r\n12.本次交易為關係人交易:\r\n否\r\n13.交易相對人及其與公司之關係:\r\n不適用\r\n14.監察人承認或審計委員會同意日期:\r\n不適用\r\n15.前已就同一件事件發布重大訊息日期: 不適用\r\n16.其他敘明事項:\r\n已於114/12/31授權有權交易人在115年第一季期間，得於集中交易市場進行有價證券交易""]], ""footer"": [""以上資料均由各公司依發言當時所屬市場別之規定申報後，由本系統對外公佈，資料如有虛偽不實，均由該公司負責。""], ""header"": {""note"": [], ""subTitle"": [], ""mainTitle"": [""公司當日重大訊息之詳細內容""]}, ""titles"": [{""main"": ""序號"", ""sub"": []}, {""main"": ""發言日期"", ""sub"": []}, {""main"": ""發言時間"", ""sub"": []}, {""main"": ""發言人"", ""sub"": []}, {""main"": ""發言人職稱"", ""sub"": []}, {""main"": ""發言人電話"", ""sub"": []}, {""main"": ""主旨"", ""sub"": []}, {""main"": ""符合條款"", ""sub"": []}, {""main"": ""事實發生日"", ""sub"": []}, {""main"": ""說明"", ""sub"": []}], ""companyAbbreviation"": ""中環""}, ""datetime"": ""115/01/19 19:44:04""}",2026-01-19 19:43:52
1150119|sii|2323|3,115/01/19,18:09:26,2323,中環,公告本公司處分有價證券,有價證券,1150119,sii,3,"{""code"": 200, ""message"": ""查詢成功"", ""result"": {""marketName"": ""上市公司"", ""companyId"": ""2323"", ""data"": [[3, ""115/01/19"", ""18:09:26"", ""陳君煒"", ""財務部協理"", ""02-25989890"", ""公告本公司處分有價證券"", ""20"", ""115/01/19"", ""1.證券名稱:\r\n台積電 普通股\r\n2.交易日期:115/1/12~115/1/19\r\n3.董事會通過日期: 不適用\r\n4.其他核決日期:\r\n核決層級:董事長核決\r\n民國115年01月19日\r\n5.交易數量、每單位價格及交易總金額:\r\n交易數量(仟股):176\r\n每單位價格(元):1,726.00\r\n交易總金額(元):303,776,458\r\n6.處分利益（或損失）（取得有價證券者不適用）:\r\n處分利益 41,715,768元\r\n7.與交易標的公司之關係:\r\n無\r\n8.迄目前為止，累積持有本交易證券（含本次交易）之數量、金額、持股\r\n比例及權利受限情形（如質押情形）:\r\n持有餘額:371,000股、金額:557,718,718元  \r\n持股比例:0.001%、權利受限情形: 無\r\n9.迄目前為止，依「公開發行公司取得或處分資產處理準則」第三條所列之有價證券投\r\n資（含本次交易）占公司最近期財務報表中總資產及歸屬於母公司業主之權益之比例\r\n暨最近期財務報表中營運資金數額:\r\n占總資產比例:80.86% \r\n占歸屬於母公司業主之權益比例:113.55% \r\n營運資金數額:7,442,300仟元\r\n10.取得或處分之具體目的:\r\n投資組合\r\n11.本次交易表示異議董事之意見:\r\n無\r\n12.本次交易為關係人交易:\r\n否\r\n13.交易相對人及其與公司之關係:\r\n不適用\r\n14.監察人承認或審計委員會同意日期:\r\n不適用\r\n15.前已就同一件事件發布重大訊息日期: 不適用\r\n16.其他敘明事項:\r\n已於114/12/31授權有權交易人在115年第一季期間，得於集中交易市場進行有價證券交易""]], ""footer"": [""以上資料均由各公司依發言當時所屬市場別之規定申報後，由本系統對外公佈，資料如有虛偽不實，均由該公司負責。""], ""header"": {""note"": [], ""subTitle"": [], ""mainTitle"": [""公司當日重大訊息之詳細內容""]}, ""titles"": [{""main"": ""序號"", ""sub"": []}, {""main"": ""發言日期"", ""sub"": []}, {""main"": ""發言時間"", ""sub"": []}, {""main"": ""發言人"", ""sub"": []}, {""main"": ""發言人職稱"", ""sub"": []}, {""main"": ""發言人電話"", ""sub"": []}, {""main"": ""主旨"", ""sub"": []}, {""main"": ""符合條款"", ""sub"": []}, {""main"": ""事實發生日"", ""sub"": []}, {""main"": ""說明"", ""sub"": []}], ""companyAbbreviation"": ""中環""}, ""datetime"": ""115/01/19 19:44:05""}",2026-01-19 19:43:52
1150119|sii|3189|2,115/01/19,18:11:26,3189,景碩,公告本公司現金增資發行新股認股基準日等相關事宜(補充公告每股發行價格、代收存款及存儲款項機構),現金增資,1150119,sii,2,"{""code"": 200, ""message"": ""查詢成功"", ""result"": {""marketName"": ""上市公司"", ""companyId"": ""3189"", ""data"": [[2, ""115/01/19"", ""18:11:26"", ""穆顯爵"", ""資深專案處長"", ""(03)4871919"", ""公告本公司現金增資發行新股認股基準日等相關事宜\r\n(補充公告每股發行價格、代收存款及存儲款項機構)"", ""11"", ""115/01/19"", ""1.董事會決議或公司決定增資基準日期:115/01/09\n2.是否採總括申報發行新股(是，請併敘明預定發行期間/否):否\n3.主管機關申報生效日期:114/12/29\n4.董事會決議(追補)發行日期:114/10/27\n5.發行總金額及股數:\n(1)發行總金額：發行總面額新台幣700,000,000元\n(2)發行總股數：70,000,000股\n6.採總括申報發行新股案件，本次發行金額及股數:不適用\n7.採總括申報發行新股案件，本次發行後，剩餘之金額及股數餘額:不適用\n8.每股面額:新台幣10元\n9.發行價格:每股發行價格新台幣145元整(補充公告)\n10.員工認股股數:依公司法第267條規定，保留發行新股總額之15%，計10,500,000股由本\n公司員工認購。\n11.原股東認購比率:本次現金增資發行新股總額之75%，計52,500,000股由原股東按\n認股基準日股東名簿所載之持股比例認購，每仟股得認購114.89886842股(按本公\n司115年01月09日實際流通在外股數456,812,660股扣除未達既得條件待註銷之限制\n員工權利新股23,100股加計既得條件已發行之限制員工權利新股134,000股計算後，\n每仟股得認購)。\n12.公開銷售方式及股數:依證券交易法第28之1條規定，提撥發行新股總額之10%，計\n7,000,000股對外公開承銷。\n13.畸零股及逾期未認購股份之處理方式:原股東可認購股數不足一股之畸零股，得由股東\n於停止過戶日起之五日內，逕向本公司股務代理機構辦理自行拼湊成整股認購，其拼湊\n後仍不足一股或逾期未拼湊之畸零股及原股東、員工放棄認購或認購不足之股份，授權\n董事長洽特定人按發行價格認購。\n14.本次發行新股之權利義務:本次現金增資採無實體發行，發行後其權利義務與原已發行\n普通股股份相同。\n15.本次增資資金用途:為償還銀行借款。\n16.現金增資認股基準日:115/02/01\n17.最後過戶日:115/01/27\n18.停止過戶起始日期:115/01/28\n19.停止過戶截止日期:115/02/01\n20.股款繳納期間:\n原股東及員工股款繳納期間:115/02/09~115/03/10\n特定人股款繳納期間:115/03/11~115/03/13\n21.與代收及專戶存儲價款行庫訂約日期:115/01/19(補充公告)\n22.委託代收存款機構:台北富邦銀行北投分行(補充公告)\n23.委託存儲款項機構:元大銀行營業部(補充公告)\n24.其他應敘明事項:\n(1)本次現金增資發行普通股70,000,000股,每股面額新臺幣10元整，業經金融監督管理\n委員會114年12月29日金管證發字第1140367756號函申報生效在案。\n(2)本次現金增資之相關發行作業及其他未盡事宜，授權董事長全權處理。""]], ""footer"": [""以上資料均由各公司依發言當時所屬市場別之規定申報後，由本系統對外公佈，資料如有虛偽不實，均由該公司負責。""], ""header"": {""note"": [], ""subTitle"": [], ""mainTitle"": [""公司當日重大訊息之詳細內容""]}, ""titles"": [{""main"": ""序號"", ""sub"": []}, {""main"": ""發言日期"", ""sub"": []}, {""main"": ""發言時間"", ""sub"": []}, {""main"": ""發言人"", ""sub"": []}, {""main"": ""發言人職稱"", ""sub"": []}, {""main"": ""發言人電話"", ""sub"": []}, {""main"": ""主旨"", ""sub"": []}, {""main"": ""符合條款"", ""sub"": []}, {""main"": ""事實發生日"", ""sub"": []}, {""main"": ""說明"", ""sub"": []}], ""companyAbbreviation"": ""景碩""}, ""datetime"": ""115/01/19 19:44:06""}",2026-01-19 19:43:52
1150119|sii|2408|2,115/01/19,18:24:17,2408,南亞科,公告本公司取得廠務設備,取得廠務設備,1150119,sii,2,"{""code"": 200, ""message"": ""查詢成功"", ""result"": {""marketName"": ""上市公司"", ""companyId"": ""2408"", ""data"": [[2, ""115/01/19"", ""18:24:17"", ""李培瑛"", ""總經理"", ""(02)29045858"", ""公告本公司取得廠務設備"", ""20"", ""115/01/19"", ""1.標的物之名稱及性質（如坐落台中市北區ＸＸ段ＸＸ小段土地）:\r\n廠務設備\r\n2.事實發生日:114/12/31~115/1/19\r\n3.董事會通過日期: 不適用\r\n4.其他核決日期:\r\n核決層級:董事長\r\n民國115年1月19日\r\n5.交易單位數量（如ＸＸ平方公尺，折合ＸＸ坪）、每單位價格及交易總金額:\r\n交易數量：一批\n交易總金額：新台幣2,364,300,000元\r\n6.交易相對人及其與公司之關係（交易相對人如屬自然人，且非公司之關\r\n係人者，得免揭露其姓名）:\r\n艾律德動力科技股份有限公司，與公司關係：無。\r\n7.交易相對人為關係人者，並應公告選定關係人為交易對象之原因及前次移轉之\r\n所有人、前次移轉之所有人與公司及交易相對人間相互之關係、前次移轉日期\r\n及移轉金額:\r\n不適用\r\n8.交易標的最近五年內所有權人曾為公司之關係人者，尚應公告關係\r\n人之取得及處分日期、價格及交易當時與公司之關係:\r\n不適用\r\n9.預計處分利益（或損失）（取得資產者不適用）（遞延者應列表說明\r\n認列情形）:\r\n不適用\r\n10.交付或付款條件（含付款期間及金額）、契約限制條款及其他重要約定\r\n事項:\r\n依訂單及合約約定辦理\r\n11.本次交易之決定方式（如招標、比價或議價）、價格決定之參考依據及\r\n決策單位:\r\n比、議價：依廠商及其他廠商提供之報價單等作為參考依據，\n並依本公司核決權限規定辦理。\r\n12.專業估價者事務所或公司名稱及其估價金額:\r\n不適用\r\n13.專業估價師姓名:\r\n不適用\r\n14.專業估價師開業證書字號:\r\n不適用\r\n15.估價報告是否為限定價格、特定價格或特殊價格:否或不適用\r\n16.是否尚未取得估價報告:否或不適用\r\n17.尚未取得估價報告之原因:\r\n不適用\r\n18.估價結果有重大差異時，其差異原因及會計師意見:\r\n不適用\r\n19.會計師事務所名稱:\r\n不適用\r\n20.會計師姓名:\r\n不適用\r\n21.會計師開業證書字號:\r\n不適用\r\n22.經紀人及經紀費用:\r\n不適用\r\n23.取得或處分之具體目的或用途:\r\n供生產/營運使用\r\n24.本次交易表示異議之董事之意見:\r\n不適用\r\n25.本次交易為關係人交易:否\r\n26.監察人承認或審計委員會同意日期:\r\n不適用\r\n27.本次交易係向關係人取得不動產或其使用權資產:否\r\n28.依「公開發行公司取得或處分資產處理準則」第十六條規定\r\n評估之價格:不適用\r\n29.依前項評估之價格較交易價格為低者，依同準則第十七條規\r\n定評估之價格:不適用\r\n30.前已就同一件事件發布重大訊息日期: 不適用\r\n31.其他敘明事項:\r\n無""]], ""footer"": [""以上資料均由各公司依發言當時所屬市場別之規定申報後，由本系統對外公佈，資料如有虛偽不實，均由該公司負責。""], ""header"": {""note"": [], ""subTitle"": [], ""mainTitle"": [""公司當日重大訊息之詳細內容""]}, ""titles"": [{""main"": ""序號"", ""sub"": []}, {""main"": ""發言日期"", ""sub"": []}, {""main"": ""發言時間"", ""sub"": []}, {""main"": ""發言人"", ""sub"": []}, {""main"": ""發言人職稱"", ""sub"": []}, {""main"": ""發言人電話"", ""sub"": []}, {""main"": ""主旨"", ""sub"": []}, {""main"": ""符合條款"", ""sub"": []}, {""main"": ""事實發生日"", ""sub"": []}, {""main"": ""說明"", ""sub"": []}], ""companyAbbreviation"": ""南亞科""}, ""datetime"": ""115/01/19 19:44:07""}",2026-01-19 19:43:52
1150119|sii|1101|1,115/01/19,18:42:41,1101,台泥,公告本公司一年內累積處分同一有價證券達新台幣三億元,有價證券,1150119,sii,1,"{""code"": 200, ""message"": ""查詢成功"", ""result"": {""marketName"": ""上市公司"", ""companyId"": ""1101"", ""data"": [[1, ""115/01/19"", ""18:42:41"", ""葉毓君"", ""永續長"", ""2531-7099轉20265"", ""公告本公司一年內累積處分同一有價證券達新台幣三億元"", ""20"", ""115/01/19"", ""1.證券名稱:\r\n飛宏科技股份有限公司\r\n2.交易日期:114/12/19~115/1/19\r\n3.董事會通過日期: 不適用\r\n4.其他核決日期:\r\n核決層級:董事會授權董事長核決\r\n民國115年1月19日\r\n5.交易數量、每單位價格及交易總金額:\r\n交易數量:22,073,000股；每股平均價格約新台幣30.29元；\r\n交易總金額:新台幣6.68億元\r\n6.處分利益（或損失）（取得有價證券者不適用）:\r\n本次處分為出售透過其他綜合損益按公允價值衡量之金融資產，\r\n處分結果將計入資產負債表之權益項下，並不影響本公司當期損益\r\n7.與交易標的公司之關係:\r\n非關係人\r\n8.迄目前為止，累積持有本交易證券（含本次交易）之數量、金額、持股\r\n比例及權利受限情形（如質押情形）:\r\n累積持有數量：19,647仟股\r\n累積投資金額：新台幣616,829仟元\r\n累積持股比例：4.63%\r\n權利受限情形：無\r\n9.迄目前為止，依「公開發行公司取得或處分資產處理準則」第三條所列之有價證券投\r\n資（含本次交易）占公司最近期財務報表中總資產及歸屬於母公司業主之權益之比例\r\n暨最近期財務報表中營運資金數額:\r\n占公司最近期財務報表中總資產比例：84.67%\r\n占公司最近期財務報表中歸屬於母公司業主之權益之比例：152.12%\r\n最近期財務報表中營運資金數額：新台幣(6,368,469)仟元\r\n10.取得或處分之具體目的:\r\n資金規劃\r\n11.本次交易表示異議董事之意見:\r\n不適用\r\n12.本次交易為關係人交易:\r\n否\r\n13.交易相對人及其與公司之關係:\r\n無\r\n14.監察人承認或審計委員會同意日期:\r\n不適用\r\n15.前已就同一件事件發布重大訊息日期: 不適用\r\n16.其他敘明事項:\r\n無""]], ""footer"": [""以上資料均由各公司依發言當時所屬市場別之規定申報後，由本系統對外公佈，資料如有虛偽不實，均由該公司負責。""], ""header"": {""note"": [], ""subTitle"": [], ""mainTitle"": [""公司當日重大訊息之詳細內容""]}, ""titles"": [{""main"": ""序號"", ""sub"": []}, {""main"": ""發言日期"", ""sub"": []}, {""main"": ""發言時間"", ""sub"": []}, {""main"": ""發言人"", ""sub"": []}, {""main"": ""發言人職稱"", ""sub"": []}, {""main"": ""發言人電話"", ""sub"": []}, {""main"": ""主旨"", ""sub"": []}, {""main"": ""符合條款"", ""sub"": []}, {""main"": ""事實發生日"", ""sub"": []}, {""main"": ""說明"", ""sub"": []}], ""companyAbbreviation"": ""台泥""}, ""datetime"": ""115/01/19 19:44:07""}",2026-01-19 19:43:52
1150112|otc|6904|5,115/01/19,13:45:45,6904,伯鑫,公告本公司現金增資發行新股案，向金管會申請延長募集期間三個月,現金增資,1150112,otc,5,"{""code"": 200, ""message"": ""查詢成功"", ""result"": {""marketName"": ""上櫃公司"", ""companyId"": ""6904"", ""data"": [[5, ""115/01/19"", ""13:45:45"", ""吳昌旻"", ""副總經理"", ""(04)2562-7786"", ""公告本公司現金增資發行新股案，向金管會申請延長\r\n募集期間三個月"", ""53"", ""115/01/19"", ""1.事實發生日:115/01/19\n2.公司名稱:伯鑫工具股份有限公司\n3.與公司關係(請輸入本公司或子公司):本公司\n4.相互持股比例:不適用\n5.發生緣由:\n  (1)本公司現金增資發行新股案，業經金管會114年11月10日\n  金管證發字第1140361730號核准在案。\n  (2)茲因近期資本市場行情變化不定，為維護股東權益及確保募資完成，並\n  依本公司114年08月12日董事會決議辦理現金增資發行普通股案，基於營運\n  評估、因市場狀況需要或因應客觀環境變更，而有修正之必要時，授權\n  董事長全權處理。\n6.因應措施:\n  向金管會申請延長募集期間三個月，以尋求最適發行時點，維護公司整體\n  利益及股東權益。\n7.其他應敘明事項(若事件發生或決議之主體係屬公開發行以上公司，\n本則重大訊息同時符合證券交易法施行細則第7條第9款所定\n對股東權益或證券價格有重大影響之事項):無。""]], ""footer"": [""以上資料均由各公司依發言當時所屬市場別之規定申報後，由本系統對外公佈，資料如有虛偽不實，均由該公司負責。""], ""header"": {""note"": [], ""subTitle"": [], ""mainTitle"": [""公司當日重大訊息之詳細內容""]}, ""titles"": [{""main"": ""序號"", ""sub"": []}, {""main"": ""發言日期"", ""sub"": []}, {""main"": ""發言時間"", ""sub"": []}, {""main"": ""發言人"", ""sub"": []}, {""main"": ""發言人職稱"", ""sub"": []}, {""main"": ""發言人電話"", ""sub"": []}, {""main"": ""主旨"", ""sub"": []}, {""main"": ""符合條款"", ""sub"": []}, {""main"": ""事實發生日"", ""sub"": []}, {""main"": ""說明"", ""sub"": []}], ""companyAbbreviation"": ""伯鑫""}, ""datetime"": ""115/01/19 19:44:08""}",2026-01-19 19:43:52
1150115|otc|5701|1,115/01/19,13:52:08,5701,劍湖山,公告本公司114年12月份自結合併財務報告之負債比率、流動比率及速動比率。,自結合併,1150115,otc,1,"{""code"": 200, ""message"": ""查詢成功"", ""result"": {""marketName"": ""上櫃公司"", ""companyId"": ""5701"", ""data"": [[1, ""115/01/19"", ""13:52:08"", ""曾慶欑(代理)"", ""代理總經理"", ""05-5825789"", ""公告本公司114年12月份自結合併\r\n財務報告之負債比率、流動比率及速\r\n動比率。"", ""53"", ""115/01/19"", ""1.事實發生日:115/01/19\n2.發生緣由:依財團法人中華民國證券櫃檯買賣中心106/12/7證櫃監字第1060201307號\n函辦理\n3.財務資訊年度月份:114/12\n4.自結流動比率:12.19%\n5.自結速動比率:10.32%\n6.自結負債比率:78.53%\n7.因應措施:於公開資訊觀測站公告相關資訊。\n8.其他應敘明事項:無""]], ""footer"": [""以上資料均由各公司依發言當時所屬市場別之規定申報後，由本系統對外公佈，資料如有虛偽不實，均由該公司負責。""], ""header"": {""note"": [], ""subTitle"": [], ""mainTitle"": [""公司當日重大訊息之詳細內容""]}, ""titles"": [{""main"": ""序號"", ""sub"": []}, {""main"": ""發言日期"", ""sub"": []}, {""main"": ""發言時間"", ""sub"": []}, {""main"": ""發言人"", ""sub"": []}, {""main"": ""發言人職稱"", ""sub"": []}, {""main"": ""發言人電話"", ""sub"": []}, {""main"": ""主旨"", ""sub"": []}, {""main"": ""符合條款"", ""sub"": []}, {""main"": ""事實發生日"", ""sub"": []}, {""main"": ""說明"", ""sub"": []}], ""companyAbbreviation"": ""劍湖山""}, ""datetime"": ""115/01/19 19:44:09""}",2026-01-19 19:43:52
1150119|otc|6199|1,115/01/19,13:52:48,6199,天品,公告本公司發行國內第四次無擔保轉換公司債收足債款,公司債,1150119,otc,1,"{""code"": 200, ""message"": ""查詢成功"", ""result"": {""marketName"": ""上櫃公司"", ""companyId"": ""6199"", ""data"": [[1, ""115/01/19"", ""13:52:48"", ""洪春木"", ""經理"", ""(02)77519198"", ""公告本公司發行國內第四次無擔保轉換公司債收足債款"", ""53"", ""115/01/19"", ""1.事實發生日:115/01/19\n2.公司名稱:天品聯合企業股份有限公司\n3.與公司關係(請輸入本公司或子公司):本公司\n4.相互持股比例:不適用\n5.發生緣由:\n依據「發行人募集與發行有價證券處理準則」第九條第一項第二款規定辦理，\n本公司發行國內第四次無擔保轉換公司債，債款代收銀行業已收足所有應募\n款項共計新台幣350,000,000元整，並匯撥至專戶存儲銀行，特此公告。\n6.因應措施:無。\n7.其他應敘明事項(若事件發生或決議之主體係屬公開發行以上公司，\n本則重大訊息同時符合證券交易法施行細則第7條第9款所定\n對股東權益或證券價格有重大影響之事項):無。""]], ""footer"": [""以上資料均由各公司依發言當時所屬市場別之規定申報後，由本系統對外公佈，資料如有虛偽不實，均由該公司負責。""], ""header"": {""note"": [], ""subTitle"": [], ""mainTitle"": [""公司當日重大訊息之詳細內容""]}, ""titles"": [{""main"": ""序號"", ""sub"": []}, {""main"": ""發言日期"", ""sub"": []}, {""main"": ""發言時間"", ""sub"": []}, {""main"": ""發言人"", ""sub"": []}, {""main"": ""發言人職稱"", ""sub"": []}, {""main"": ""發言人電話"", ""sub"": []}, {""main"": ""主旨"", ""sub"": []}, {""main"": ""符合條款"", ""sub"": []}, {""main"": ""事實發生日"", ""sub"": []}, {""main"": ""說明"", ""sub"": []}], ""companyAbbreviation"": ""天品""}, ""datetime"": ""115/01/19 19:44:10""}",2026-01-19 19:43:52
1150119|otc|8042|1,115/01/19,14:14:27,8042,金山電,本公司有價證券達公布注意交易資訊標準，故公布相關訊息，以利投資人區別瞭解。,有價證券,1150119,otc,1,"{""code"": 200, ""message"": ""查詢成功"", ""result"": {""marketName"": ""上櫃公司"", ""companyId"": ""8042"", ""data"": [[1, ""115/01/19"", ""14:14:27"", ""陳安琪"", ""管理部處長"", ""(02)29950535#222"", ""本公司有價證券達公布注意交易資訊標準，故公布相關\r\n訊息，以利投資人區別瞭解。"", ""53"", ""115/01/19"", ""1.事實發生日:115/01/19\n2.發生緣由:依財團法人中華民國證券櫃檯買賣中心通知辦理。\n3.財務業務資訊:\n(1)單月\n              最近一月單月      去年同月       與去年同期增減%\n                   (114/11)      (114/11)\n-----------------------------------------------------------------\n營業收入(百萬元)     328            308                  6%\n稅前淨利(百萬元)      30             13                131%\n歸屬母公司業主淨利    27             13                108%\n(百萬元)\n每股盈餘(元)        0.21           0.10                110%\n=================================================================\n(2)單季\n               最近一季單季       去年同期     與去年同期增減%\n               (114年第3季)     (113年第3季)\n-----------------------------------------------------------------\n營業收入(百萬元)  1,016             964                 5%\n稅前淨利(百萬元)     47              63               -25%\n歸屬母公司業主淨利   39              35                11%\n(百萬元)\n每股盈餘(元)       0.30            0.27                11%\n=================================================================\n(3)最近四季累計\n                     113年第4季至114年第3季\n----------------------------------------------------------------\n營業收入(百萬元)              3,652\n稅前淨利(百萬元)                 82\n歸屬母公司業主淨利               41\n(百萬元)\n每股盈餘(元)                   0.32\n=================================================================\n每股面額:10元\n4.有無「財團法人中華民國證券櫃檯買賣中心對有價證券上櫃公司\n重大訊息之查證暨公開處理程序 」第4條所列重大訊息之情事（如\n「有」，請說明）:無。\n5.有無「財團法人中華民國證券櫃檯買賣中心對有價證券上櫃公司\n重大訊息之查證暨公開處理程序」第11條所列重大訊息說明記者會\n之情事:無。\n6.其他應敘明事項:\n(1)以上114年11月及去年同期比較數之財務資料係本公司採IFRS會計準則編製之合併\n數，未經會計師查核(閱)，僅供投資人參考。\n(2)最近一季114年第3季係指單季數字，非為最近財務報告中之累計數字，且係本公\n司採IFRS下編製之合併數，業經會計師查核(閱)，僅供投資人參考。\n(3)最近四季累計係本公司113年第4季至114年第3季採IFRS編製之合併數，業經會計\n師查核(閱)，僅供投資人參考。""]], ""footer"": [""以上資料均由各公司依發言當時所屬市場別之規定申報後，由本系統對外公佈，資料如有虛偽不實，均由該公司負責。""], ""header"": {""note"": [], ""subTitle"": [], ""mainTitle"": [""公司當日重大訊息之詳細內容""]}, ""titles"": [{""main"": ""序號"", ""sub"": []}, {""main"": ""發言日期"", ""sub"": []}, {""main"": ""發言時間"", ""sub"": []}, {""main"": ""發言人"", ""sub"": []}, {""main"": ""發言人職稱"", ""sub"": []}, {""main"": ""發言人電話"", ""sub"": []}, {""main"": ""主旨"", ""sub"": []}, {""main"": ""符合條款"", ""sub"": []}, {""main"": ""事實發生日"", ""sub"": []}, {""main"": ""說明"", ""sub"": []}], ""companyAbbreviation"": ""金山電""}, ""datetime"": ""115/01/19 19:44:10""}",2026-01-19 19:43:52
1150116|otc|8299|1,115/01/19,14:30:37,8299,群聯,公告本公司國內第三次無擔保轉換公司債代收價款及存儲專戶行庫,公司債,1150116,otc,1,"{""code"": 200, ""message"": ""查詢成功"", ""result"": {""marketName"": ""上櫃公司"", ""companyId"": ""8299"", ""data"": [[1, ""115/01/19"", ""14:30:37"", ""于志強"", ""資深特別助理暨營運長"", ""037-586896 #10019"", ""公告本公司國內第三次無擔保轉換公司債代收價款及存儲專\r\n戶行庫"", ""53"", ""115/01/19"", ""1.事實發生日:115/01/19\n2.公司名稱:群聯電子股份有限公司\n3.與公司關係(請輸入本公司或子公司):本公司\n4.相互持股比例:無\n5.發生緣由:依據「發行人募集與發行有價證券處理準則」第九條第一項第二款規定辦\n理公告。\n6.因應措施:無\n7.其他應敘明事項(若事件發生或決議之主體係屬公開發行以上公司，\n本則重大訊息同時符合證券交易法施行細則第7條第9款所定\n對股東權益或證券價格有重大影響之事項):\n(1)訂約日期:115/01/19。\n(2)委託代收價款行庫名稱:凱基商業銀行敦北分行。\n(3)委託專戶存儲價款行庫名稱:台中商業銀行頭份分行。""]], ""footer"": [""以上資料均由各公司依發言當時所屬市場別之規定申報後，由本系統對外公佈，資料如有虛偽不實，均由該公司負責。""], ""header"": {""note"": [], ""subTitle"": [], ""mainTitle"": [""公司當日重大訊息之詳細內容""]}, ""titles"": [{""main"": ""序號"", ""sub"": []}, {""main"": ""發言日期"", ""sub"": []}, {""main"": ""發言時間"", ""sub"": []}, {""main"": ""發言人"", ""sub"": []}, {""main"": ""發言人職稱"", ""sub"": []}, {""main"": ""發言人電話"", ""sub"": []}, {""main"": ""主旨"", ""sub"": []}, {""main"": ""符合條款"", ""sub"": []}, {""main"": ""事實發生日"", ""sub"": []}, {""main"": ""說明"", ""sub"": []}], ""companyAbbreviation"": ""群聯""}, ""datetime"": ""115/01/19 19:44:11""}",2026-01-19 19:43:52
1141224|otc|2641|1,115/01/19,14:40:24,2641,正德,本公司修訂「國內第七次無擔保轉換公司債發行及轉換辦法」之債權人異議期間屆滿公告(補充說明114/12/18公告),公司債,1141224,otc,1,"{""code"": 200, ""message"": ""查詢成功"", ""result"": {""marketName"": ""上櫃公司"", ""companyId"": ""2641"", ""data"": [[1, ""115/01/19"", ""14:40:24"", ""林勝鶴"", ""副總經理"", ""07-9697988"", ""本公司修訂「國內第七次無擔保轉換公司債發行及轉換辦法」\r\n之債權人異議期間屆滿公告(補充說明114/12/18公告)"", ""53"", ""115/01/19"", ""1.事實發生日:115/01/19\n2.公司名稱:正德海運股份有限公司\n3.與公司關係(請輸入本公司或子公司):本公司\n4.相互持股比例:不適用\n5.發生緣由:\n依本公司114年12月18日修訂「國內第七次無擔保轉換公司債發行及轉換辦法」之債\n權人公告，已訂定債權人異議期間自114年12月18日至115年01月19日止。\n6.因應措施:\n(1)至115年01月19日止，債權人聲明異議期間已屆滿三十日，尚無債權人異議聲明\n通知送達本公司。\n(2)本公司將按公司法第248條第4項規定，呈奉證券主管機關申報核准。\n7.其他應敘明事項(若事件發生或決議之主體係屬公開發行以上公司，\n本則重大訊息同時符合證券交易法施行細則第7條第9款所定\n對股東權益或證券價格有重大影響之事項):無。""]], ""footer"": [""以上資料均由各公司依發言當時所屬市場別之規定申報後，由本系統對外公佈，資料如有虛偽不實，均由該公司負責。""], ""header"": {""note"": [], ""subTitle"": [], ""mainTitle"": [""公司當日重大訊息之詳細內容""]}, ""titles"": [{""main"": ""序號"", ""sub"": []}, {""main"": ""發言日期"", ""sub"": []}, {""main"": ""發言時間"", ""sub"": []}, {""main"": ""發言人"", ""sub"": []}, {""main"": ""發言人職稱"", ""sub"": []}, {""main"": ""發言人電話"", ""sub"": []}, {""main"": ""主旨"", ""sub"": []}, {""main"": ""符合條款"", ""sub"": []}, {""main"": ""事實發生日"", ""sub"": []}, {""main"": ""說明"", ""sub"": []}], ""companyAbbreviation"": ""正德""}, ""datetime"": ""115/01/19 19:44:12""}",2026-01-19 19:43:52
1150119|otc|5228|1,115/01/19,15:30:01,5228,鈺鎧,本公司有價證券近期股價量異常，故公告相關訊息，以利投資人區別暸解,有價證券,1150119,otc,1,"{""code"": 200, ""message"": ""查詢成功"", ""result"": {""marketName"": ""上櫃公司"", ""companyId"": ""5228"", ""data"": [[1, ""115/01/19"", ""15:30:01"", ""黃文結"", ""財務部協理"", ""04-23592860"", ""本公司有價證券近期股價量異常，故公告相關訊息，\r\n以利投資人區別暸解"", ""53"", ""115/01/19"", ""1.事實發生日:115/01/19\n2.發生緣由:依財團法人中華民國證券櫃檯買賣中心通知辦理公告\n3.財務業務資訊:\n(1)單月\n                   最近一月單月        去年同月       與去年同期增減\n期間               (114年11月)       (113年11月)\n...........................................................,,,,,...\n營業收入(百萬元)        52                38              36.84%\n稅前淨利（百萬元）       6                -3            -300.00%\n歸屬母公司業主\n淨利（百萬元）            3                -3            -200.00%\n每股盈餘（元）         0.1              -0.1            -200.00%\n===================================================================\n(2)單季\n                   最近一季單季        去年同月      與去年同期增減\n期間               (114年第3季)       (113年第3季)\n...................................................................\n營業收入(百萬元)        129              120               7.50%\n稅前淨利（百萬元）      -18              -16              12.50%\n歸屬母公司業主\n淨利（百萬元）          -18              -15              20.00%\n每股盈餘（元）        -0.47            -0.41              14.63%\n====================================================================\n(3)最近四季累計\n期間                113年第4季~114年第3季\n.....................................................................\n營業收入(百萬元)                491\n稅前淨利（百萬元）              -43\n歸屬母公司業主\n淨利（百萬元）                  -45\n每股盈餘（元）                -1.19\n=====================================================================\n公司每股面額:10元\n4.有無「財團法人中華民國證券櫃檯買賣中心對有價證券上櫃公司\n重大訊息之查證暨公開處理程序 」第4條所列重大訊息之情事（如\n「有」，請說明）:無\n5.有無「財團法人中華民國證券櫃檯買賣中心對有價證券上櫃公司\n重大訊息之查證暨公開處理程序」第11條所列重大訊息說明記者會\n之情事:無\n6.其他應敘明事項:\n(1)以上114年11月及去年同期比較數之財務資料係本公司依IFRS會計\n準則編製之自結數，未經會計師查核(核閱)，僅供投資人參考。\n(2)最近一季114年第3季及去年同期比較數係指單季數字，係本公司依\nIFRS下編製之數，業係經會計師核閱，僅供投資人參考。\n最近四季累計係本公司113年第4季至114年第3季由本公司依IFRS編製\n之數業經會計師查核(核閱)，僅供投資人參考。""]], ""footer"": [""以上資料均由各公司依發言當時所屬市場別之規定申報後，由本系統對外公佈，資料如有虛偽不實，均由該公司負責。""], ""header"": {""note"": [], ""subTitle"": [], ""mainTitle"": [""公司當日重大訊息之詳細內容""]}, ""titles"": [{""main"": ""序號"", ""sub"": []}, {""main"": ""發言日期"", ""sub"": []}, {""main"": ""發言時間"", ""sub"": []}, {""main"": ""發言人"", ""sub"": []}, {""main"": ""發言人職稱"", ""sub"": []}, {""main"": ""發言人電話"", ""sub"": []}, {""main"": ""主旨"", ""sub"": []}, {""main"": ""符合條款"", ""sub"": []}, {""main"": ""事實發生日"", ""sub"": []}, {""main"": ""說明"", ""sub"": []}], ""companyAbbreviation"": ""鈺鎧""}, ""datetime"": ""115/01/19 19:44:13""}",2026-01-19 19:43:52
1150119|otc|6233|1,115/01/19,16:12:17,6233,旺玖,公告本公司處分有價證券(更正115/1/16公告為非關係人交易),有價證券,1150119,otc,1,"{""code"": 200, ""message"": ""查詢成功"", ""result"": {""marketName"": ""上櫃公司"", ""companyId"": ""6233"", ""data"": [[1, ""115/01/19"", ""16:12:17"", ""張景棠"", ""董事長"", ""02-26546363"", ""公告本公司處分有價證券(更正115/1/16公告為非關係人交易)"", ""20"", ""115/01/16"", ""1.證券名稱:\r\n宜鼎普通股\r\n2.交易日期:114/12/12~115/1/16\r\n3.董事會通過日期: 不適用\r\n4.其他核決日期:\r\n核決層級:董事長核決\r\n民國114年12月24日\r\n5.交易數量、每單位價格及交易總金額:\r\n交易數量：319,000股；每單位價格：平均585.41元；交易總金額：186,747,000元\r\n6.處分利益（或損失）（取得有價證券者不適用）:\r\n處分透過其他綜合損益按公允價值衡量之金融資產，認列累積盈餘：184,779,000元\r\n7.與交易標的公司之關係:\r\n無\r\n8.迄目前為止，累積持有本交易證券（含本次交易）之數量、金額、持股\r\n比例及權利受限情形（如質押情形）:\r\n累積持有數量：449,790股；\r\n持有金額：148,205,805元(依114年第3季評價資料)；\r\n持股比例：0.48%；\r\n權利受限情形：無\r\n9.迄目前為止，依「公開發行公司取得或處分資產處理準則」第三條所列之有價證券投\r\n資（含本次交易）占公司最近期財務報表中總資產及歸屬於母公司業主之權益之比例\r\n暨最近期財務報表中營運資金數額:\r\n占總資產比例：11%；\r\n占母公司業主之權益比例：12.08%；\r\n營運資金數額：565,909,200元\r\n10.取得或處分之具體目的:\r\n實現投資收益\r\n11.本次交易表示異議董事之意見:\r\n無\r\n12.本次交易為關係人交易:\r\n否\r\n13.交易相對人及其與公司之關係:\r\n無\r\n14.監察人承認或審計委員會同意日期:\r\n不適用\r\n15.前已就同一件事件發布重大訊息日期:\r\n115年1月16日\r\n16.其他敘明事項:\r\n無""]], ""footer"": [""以上資料均由各公司依發言當時所屬市場別之規定申報後，由本系統對外公佈，資料如有虛偽不實，均由該公司負責。""], ""header"": {""note"": [], ""subTitle"": [], ""mainTitle"": [""公司當日重大訊息之詳細內容""]}, ""titles"": [{""main"": ""序號"", ""sub"": []}, {""main"": ""發言日期"", ""sub"": []}, {""main"": ""發言時間"", ""sub"": []}, {""main"": ""發言人"", ""sub"": []}, {""main"": ""發言人職稱"", ""sub"": []}, {""main"": ""發言人電話"", ""sub"": []}, {""main"": ""主旨"", ""sub"": []}, {""main"": ""符合條款"", ""sub"": []}, {""main"": ""事實發生日"", ""sub"": []}, {""main"": ""說明"", ""sub"": []}], ""companyAbbreviation"": ""旺玖""}, ""datetime"": ""115/01/19 19:44:13""}",2026-01-19 19:43:52
1150119|otc|6732|1,115/01/19,16:15:22,6732,昇佳電子,公告本公司取得有價證券案,有價證券,1150119,otc,1,"{""code"": 200, ""message"": ""查詢成功"", ""result"": {""marketName"": ""上櫃公司"", ""companyId"": ""6732"", ""data"": [[1, ""115/01/19"", ""16:15:22"", ""魏良光"", ""副總經理"", ""03-5601000"", ""公告本公司取得有價證券案"", ""20"", ""115/01/19"", ""1.證券名稱:\r\n(8016)矽創電子股份有限公司普通股\r\n2.交易日期:114/12/3~115/1/19\r\n3.董事會通過日期: 民國114年5月6日\r\n4.其他核決日期: 不適用\r\n5.交易數量、每單位價格及交易總金額:\r\n(1)交易數量:矽創電子股份有限公司普通股571仟股；\r\n(2)每單位價格:平均新台幣182.15元；\r\n(3)交易總金額:新台幣104,008仟元。\r\n6.處分利益（或損失）（取得有價證券者不適用）:\r\n不適用\r\n7.與交易標的公司之關係:\r\n矽創電子股份有限公司為本公司之母公司\r\n8.迄目前為止，累積持有本交易證券（含本次交易）之數量、金額、持股\r\n比例及權利受限情形（如質押情形）:\r\n(1)累積持有本交易證券(含本次交易)之數量:普通股2,110仟股\r\n(2)累積持有本交易證券(含本次交易)之金額:新台幣396,731仟元\r\n(3)累積持有本交易證券(含本次交易)之持股比例:1.76%\r\n(4)權利受限情形:無。\r\n9.迄目前為止，依「公開發行公司取得或處分資產處理準則」第三條所列之有價證券投\r\n資（含本次交易）占公司最近期財務報表中總資產及歸屬於母公司業主之權益之比例\r\n暨最近期財務報表中營運資金數額:\r\n(1)有價證券投資(含本次交易)占公司最近期財務報表中總資產比例:26.24%\r\n(2)有價證券投資(含本次交易)占公司最近期財務報表中歸屬於母公司業主之權益\r\n比例:34.04%\r\n(3)最近期財務報表中營運資金數額:2,598,070仟元\r\n10.取得或處分之具體目的:\r\n以長期投資為目的\r\n11.本次交易表示異議董事之意見:\r\n無\r\n12.本次交易為關係人交易:\r\n否\r\n13.交易相對人及其與公司之關係:\r\n不適用\r\n14.監察人承認或審計委員會同意日期:\r\n不適用\r\n15.前已就同一件事件發布重大訊息日期: 不適用\r\n16.其他敘明事項:\r\n無""]], ""footer"": [""以上資料均由各公司依發言當時所屬市場別之規定申報後，由本系統對外公佈，資料如有虛偽不實，均由該公司負責。""], ""header"": {""note"": [], ""subTitle"": [], ""mainTitle"": [""公司當日重大訊息之詳細內容""]}, ""titles"": [{""main"": ""序號"", ""sub"": []}, {""main"": ""發言日期"", ""sub"": []}, {""main"": ""發言時間"", ""sub"": []}, {""main"": ""發言人"", ""sub"": []}, {""main"": ""發言人職稱"", ""sub"": []}, {""main"": ""發言人電話"", ""sub"": []}, {""main"": ""主旨"", ""sub"": []}, {""main"": ""符合條款"", ""sub"": []}, {""main"": ""事實發生日"", ""sub"": []}, {""main"": ""說明"", ""sub"": []}], ""companyAbbreviation"": ""昇佳電子""}, ""datetime"": ""115/01/19 19:44:14""}",2026-01-19 19:43:52
1150119|otc|8042|2,115/01/19,16:34:54,8042,金山電,本公司有價證券達公布注意交易資訊標準，故公布相關訊息，以利投資人區別瞭解。(更正去年同月為113年11月),有價證券,1150119,otc,2,"{""code"": 200, ""message"": ""查詢成功"", ""result"": {""marketName"": ""上櫃公司"", ""companyId"": ""8042"", ""data"": [[2, ""115/01/19"", ""16:34:54"", ""陳安琪"", ""管理部處長"", ""(02)29950535#222"", ""本公司有價證券達公布注意交易資訊標準，故公布相關\r\n訊息，以利投資人區別瞭解。(更正去年同月為113年11月)"", ""53"", ""115/01/19"", ""1.事實發生日:115/01/19\n2.發生緣由:依財團法人中華民國證券櫃檯買賣中心通知辦理。\n3.財務業務資訊:\n(1)單月\n              最近一月單月      去年同月       與去年同期增減%\n                   (114/11)      (113/11)\n-----------------------------------------------------------------\n營業收入(百萬元)     328            308                  6%\n稅前淨利(百萬元)      30             13                131%\n歸屬母公司業主淨利    27             13                108%\n(百萬元)\n每股盈餘(元)        0.21           0.10                110%\n=================================================================\n(2)單季\n               最近一季單季       去年同期     與去年同期增減%\n               (114年第3季)     (113年第3季)\n-----------------------------------------------------------------\n營業收入(百萬元)  1,016             964                 5%\n稅前淨利(百萬元)     47              63               -25%\n歸屬母公司業主淨利   39              35                11%\n(百萬元)\n每股盈餘(元)       0.30            0.27                11%\n=================================================================\n(3)最近四季累計\n                     113年第4季至114年第3季\n----------------------------------------------------------------\n營業收入(百萬元)              3,652\n稅前淨利(百萬元)                 82\n歸屬母公司業主淨利               41\n(百萬元)\n每股盈餘(元)                   0.32\n=================================================================\n每股面額:10元\n4.有無「財團法人中華民國證券櫃檯買賣中心對有價證券上櫃公司\n重大訊息之查證暨公開處理程序 」第4條所列重大訊息之情事（如\n「有」，請說明）:無。\n5.有無「財團法人中華民國證券櫃檯買賣中心對有價證券上櫃公司\n重大訊息之查證暨公開處理程序」第11條所列重大訊息說明記者會\n之情事:無。\n6.其他應敘明事項:\n(1)以上114年11月及去年同期比較數之財務資料係本公司採IFRS會計準則編製之合併\n數，未經會計師查核(閱)，僅供投資人參考。\n(2)最近一季114年第3季係指單季數字，非為最近財務報告中之累計數字，且係本公\n司採IFRS下編製之合併數，業經會計師查核(閱)，僅供投資人參考。\n(3)最近四季累計係本公司113年第4季至114年第3季採IFRS編製之合併數，業經會計\n師查核(閱)，僅供投資人參考。""]], ""footer"": [""以上資料均由各公司依發言當時所屬市場別之規定申報後，由本系統對外公佈，資料如有虛偽不實，均由該公司負責。""], ""header"": {""note"": [], ""subTitle"": [], ""mainTitle"": [""公司當日重大訊息之詳細內容""]}, ""titles"": [{""main"": ""序號"", ""sub"": []}, {""main"": ""發言日期"", ""sub"": []}, {""main"": ""發言時間"", ""sub"": []}, {""main"": ""發言人"", ""sub"": []}, {""main"": ""發言人職稱"", ""sub"": []}, {""main"": ""發言人電話"", ""sub"": []}, {""main"": ""主旨"", ""sub"": []}, {""main"": ""符合條款"", ""sub"": []}, {""main"": ""事實發生日"", ""sub"": []}, {""main"": ""說明"", ""sub"": []}], ""companyAbbreviation"": ""金山電""}, ""datetime"": ""115/01/19 19:44:15""}",2026-01-19 19:43:52
1150119|otc|2070|2,115/01/19,17:01:32,2070,精湛,公告本公司訂定114年現金增資認股基準日等相關事宜(補充公告發行價格、委託代收暨存儲機構),現金增資,1150119,otc,2,"{""code"": 200, ""message"": ""查詢成功"", ""result"": {""marketName"": ""上櫃公司"", ""companyId"": ""2070"", ""data"": [[2, ""115/01/19"", ""17:01:32"", ""許宏安"", ""總經理"", ""07-6937937"", ""公告本公司訂定114年現金增資認股基準日等相關事宜\r\n(補充公告發行價格、委託代收暨存儲機構)"", ""11"", ""115/01/19"", ""1.董事會決議或公司決定增資基準日期:115/01/02\n2.是否採總括申報發行新股(是，請併敘明預定發行期間/否):否\n3.主管機關申報生效日期:114/12/24\n4.董事會決議(追補)發行日期:114/11/06\n5.發行總金額及股數:\n 發行總金額新台幣60,000,000元，發行總股數6,000,000股。\n6.採總括申報發行新股案件，本次發行金額及股數:不適用\n7.採總括申報發行新股案件，本次發行後，剩餘之金額及股數餘額:不適用\n8.每股面額:新台幣10元。\n9.發行價格:新台幣35元（補充公告）。\n10.員工認股股數:\n 依公司法第267條規定，保留增資發行新股之15%計900,000股由員工認購。\n11.原股東認購比率:增資發行新股之75%計4,500,000股由原股東按認股基準日\n 股東名冊記載之股東持股比例認購。\n12.公開銷售方式及股數:依證券交易法第28條之1規定提撥發行新股10%，\n 計600,000股對外公開承銷。\n13.畸零股及逾期未認購股份之處理方式:原股東認購不足一股之畸零股，\n 得由股東自停止過戶日起五日內，逕向本公司股務代理機構辦理拼湊，\n 逾期未辦理或拼湊不足一股之畸零股，及原股東、員工放棄認購或認股不足之股份，\n 授權董事長洽特定人按發行價格認購之。\n14.本次發行新股之權利義務:權利及義務與原已發行股份相同。\n15.本次增資資金用途:充實營運資金。\n16.現金增資認股基準日:115/02/01\n17.最後過戶日:115/01/27\n18.停止過戶起始日期:115/01/28\n19.停止過戶截止日期:115/02/01\n20.股款繳納期間:\n (1)原股東及員工股款繳納期間：115/02/05～115/03/06\n (2)特定人繳款期間：115/03/09～115/03/10\n21.與代收及專戶存儲價款行庫訂約日期:115/01/19（補充公告）\n22.委託代收存款機構:臺灣銀行新興分行（補充公告）\n23.委託存儲款項機構:彰化銀行路竹分行（補充公告）\n24.其他應敘明事項:\n (1)本公司於114年11月06日經董事會決議辦理現金增資發行普通股案，\n  業經金融監督管理委員會114年12月24日金管證發字第1140367492號函申報生效在案。""]], ""footer"": [""以上資料均由各公司依發言當時所屬市場別之規定申報後，由本系統對外公佈，資料如有虛偽不實，均由該公司負責。""], ""header"": {""note"": [], ""subTitle"": [], ""mainTitle"": [""公司當日重大訊息之詳細內容""]}, ""titles"": [{""main"": ""序號"", ""sub"": []}, {""main"": ""發言日期"", ""sub"": []}, {""main"": ""發言時間"", ""sub"": []}, {""main"": ""發言人"", ""sub"": []}, {""main"": ""發言人職稱"", ""sub"": []}, {""main"": ""發言人電話"", ""sub"": []}, {""main"": ""主旨"", ""sub"": []}, {""main"": ""符合條款"", ""sub"": []}, {""main"": ""事實發生日"", ""sub"": []}, {""main"": ""說明"", ""sub"": []}], ""companyAbbreviation"": ""精湛""}, ""datetime"": ""115/01/19 19:44:16""}",2026-01-19 19:43:52
1150119|rotc|7792|1,115/01/19,16:17:17,7792,安葆,公告本公司股票初次上櫃前現金增資發行新股承銷價格,現金增資,1150119,rotc,1,"{""code"": 200, ""message"": ""查詢成功"", ""result"": {""marketName"": ""興櫃公司"", ""companyId"": ""7792"", ""data"": [[1, ""115/01/19"", ""16:17:17"", ""陳志復"", ""董事長兼總經理"", ""(02)2910-8118"", ""公告本公司股票初次上櫃前現金增資發行新股承銷價格"", ""44"", ""115/01/19"", ""1.事實發生日:115/01/19\n2.公司名稱:安葆國際實業股份有限公司\n3.與公司關係(請輸入本公司或子公司):本公司\n4.相互持股比例:不適用\n5.發生緣由:公告本公司股票初次上櫃前現金增資發行新股承銷價格。\n6.因應措施:無\n7.其他應敘明事項(若事件發生或決議之主體係屬公開發行以上公司，\n本則重大訊息同時符合證券交易法施行細則第7條第9款所定\n對股東權益或證券價格有重大影響之事項):\n(1)本公司為配合初次上櫃前公開承銷辦理現金增資，發行普通股3,990,000股，\n每股面額新台幣10元，計新台幣39,900,000元，業經財團法人中華民國證券櫃檯\n買賣中心114年12月1日證櫃審字第1140010213號函申報生效在案。\n(2)本次上櫃前現金增資發行新股，同時以競價拍賣及公開申購方式辦理承銷。\n競價拍賣最低承銷價格係以向中華民國證券商業同業公會申報競價拍賣約定書前\n興櫃有成交之30個營業日其成交均價扣除無償配股除權(或減資除權)及除息後\n簡單算術平均數之七成為上限，訂為每股新台幣113.39元(競價拍賣底價)，\n依投標價格高者優先得標，每一得標人應依其得標價格認購；公開申購承銷價格\n則以各得標單之價格及其數量加權平均所得之價格新臺幣210.44元為之，並以\n最低承銷價格之1.18倍為上限，故每股發行價格以新台幣133.80元溢價發行。\n(3)本次現金增資發行之新股採無實體發行，其權利義務與原已發行之普通股相同。""]], ""footer"": [""以上資料均由各公司依發言當時所屬市場別之規定申報後，由本系統對外公佈，資料如有虛偽不實，均由該公司負責。""], ""header"": {""note"": [], ""subTitle"": [], ""mainTitle"": [""公司當日重大訊息之詳細內容""]}, ""titles"": [{""main"": ""序號"", ""sub"": []}, {""main"": ""發言日期"", ""sub"": []}, {""main"": ""發言時間"", ""sub"": []}, {""main"": ""發言人"", ""sub"": []}, {""main"": ""發言人職稱"", ""sub"": []}, {""main"": ""發言人電話"", ""sub"": []}, {""main"": ""主旨"", ""sub"": []}, {""main"": ""符合條款"", ""sub"": []}, {""main"": ""事實發生日"", ""sub"": []}, {""main"": ""說明"", ""sub"": []}], ""companyAbbreviation"": ""安葆""}, ""datetime"": ""115/01/19 19:44:16""}",2026-01-19 19:43:52
1150119|rotc|5262|1,115/01/19,16:34:02,5262,立達,本公司115年現金增資發行新股認股基準日及相關事宜(代收及專戶存儲價款行庫訂約日期),現金增資,1150119,rotc,1,"{""code"": 200, ""message"": ""查詢成功"", ""result"": {""marketName"": ""興櫃公司"", ""companyId"": ""5262"", ""data"": [[1, ""115/01/19"", ""16:34:02"", ""何弘竣"", ""副總經理"", ""02-26582588"", ""本公司115年現金增資發行新股認股基準日及相關事宜\r\n(代收及專戶存儲價款行庫訂約日期)"", ""9"", ""115/01/19"", ""1.董事會決議或公司決定日期:115/01/19\n2.發行股數:2,000,000股\n3.每股面額:新台幣10元\n4.發行總金額:新台幣20,000,000元\n5.發行價格:新台幣28.5元\n6.員工認股股數:依公司法第267條規定，保留發行新股總數10%，計200,000股予員工\n認購。\n7.原股東認購比例(另請說明每仟股暫定得認購股數):\n本次發行新股總股數90%，計1,800,000股由原股東按認股基準日股東名簿所載之股東\n持股比例認購，原股東每仟股可認購35.50395157股。\n8.公開銷售方式及股數:無\n9.畸零股及逾期未認購股份之處理方式:原股東認購不足一股之畸零股，得由股東自停\n止過戶日起五日內向本公司股務代理機構辦理拼湊成整股認購。其拼湊不足一股之畸\n零股及原股東及員工放棄認股或認購不足及逾期未拼湊之部份，擬授權董事長洽特定\n人按發行價格認購。\n10.本次發行新股之權利義務:本次增資發行新股其權利義務與原已發行之普通股股份\n相同。\n11.本次增資資金用途:為充實營運資金。\n12.現金增資認股基準日:115/01/28\n13.最後過戶日:115/01/23\n14.停止過戶起始日期:115/01/24\n15.停止過戶截止日期:115/01/28\n16.股款繳納期間:(1)原股東及員工股款繳納期間:115/01/29~115/02/02\n(2)特定人繳款期間:115/02/03~115/02/05\n17.與代收及專戶存儲價款行庫訂約日期:115/01/19(補充公告)\n18.委託代收款項機構:彰化銀行宜蘭分行\n19.委託存儲款項機構:兆豐國際商業銀行內湖科學園區分行\n20.其他應敘明事項:\n(1)本公司115年辦理現金增資發行新股，業經金融監督管理委員會於115年1月7日\n金管證發字第1140369094號函申報生效在案。\n(2)本次現金增資計畫之發行條件、發行價格、所需資金總額、資金來源、計畫項目\n、預定資金運用進度、預計可能產生效益等，以及其他與本次現金增資有關之事項，\n如遇法令變更、依主管或監理機關指示或要求，或因應主客觀環境變化而有修正或調\n整之必要時，於法令許可範圍內，擬授權董事長全權處理之。""]], ""footer"": [""以上資料均由各公司依發言當時所屬市場別之規定申報後，由本系統對外公佈，資料如有虛偽不實，均由該公司負責。""], ""header"": {""note"": [], ""subTitle"": [], ""mainTitle"": [""公司當日重大訊息之詳細內容""]}, ""titles"": [{""main"": ""序號"", ""sub"": []}, {""main"": ""發言日期"", ""sub"": []}, {""main"": ""發言時間"", ""sub"": []}, {""main"": ""發言人"", ""sub"": []}, {""main"": ""發言人職稱"", ""sub"": []}, {""main"": ""發言人電話"", ""sub"": []}, {""main"": ""主旨"", ""sub"": []}, {""main"": ""符合條款"", ""sub"": []}, {""main"": ""事實發生日"", ""sub"": []}, {""main"": ""說明"", ""sub"": []}], ""companyAbbreviation"": ""立達""}, ""datetime"": ""115/01/19 19:44:17""}",2026-01-19 19:43:52
1150119|pub|7859|5,115/01/19,16:46:49,7859,翰可能源,公告本公司董事會決議參與子公司綠洋投資股份有限公司現金增資案,現金增資,1150119,pub,5,"{""code"": 200, ""message"": ""查詢成功"", ""result"": {""marketName"": ""公開發行公司"", ""companyId"": ""7859"", ""data"": [[5, ""115/01/19"", ""16:46:49"", ""莊景名"", ""總經理"", ""02-2657-9968"", ""公告本公司董事會決議參與子公司綠洋投資股份\r\n有限公司現金增資案"", ""9"", ""115/01/19"", ""1.事實發生日:115/01/19\n2.發生緣由:公司董事會決議參與子公司綠洋投資股份有限公司現金增資案\n(1)標的物之名稱及性質:綠洋投資股份有限公司之普通股\n(2)交易數量、每單位價格及交易總金額:\n   交易單位數量:22,250,000股\n   每單位價格:新台幣10元\n   交易總金額:新台幣222,500,000元\n(3)交易相對人及其與公司之關係:\n   交易相對人:綠洋投資股份有限公司\n   與公司之關係:為本公司之子公司\n(4)交易相對人為關係人者，並應公告選定關係人為交易對象之原因及前次移轉之所\n有人、前次移轉之所有人與公司及交易相對人間相互之關係、前次移轉日期及移轉\n金額:不適用\n(5)交易標的最近五年內所有權人曾為公司之關係人者，尚應公告關係人之取得及處\n分日期、價格及交易當時與公司之關係:不適用\n(6)本次係處分債權之相關事項(含處分之債權附隨擔保品種類、處分債權如有屬對\n關係人債權者尚需公告關係人名稱及本次處分該關係人之債權帳面金額):不適用\n(7)處分利益(或損失)(取得有價證券者不適用)(原遞延者應列表說明認列情形):不\n適用\n(8)交付或付款條件(含付款期間及金額)、契約限制條款及其他重要約定事項:\n   付款期間:依據綠洋投資股份有限公司增資時程匯款\n   付款金額:新台幣222,500,000元\n   契約限制條款及其他重要約定事項:不適用\n(9)本次交易之決定方式、價格決定之參考依據及決策單位:以現金方式增資，經本公\n司董事會核准通過。\n(10)取得或處分有價證券標的公司每股淨值:9.95元\n(11)迄目前為止，累積持有本交易證券(含本次交易)之數量、金額、持股比例及權利\n受限情形(如質押情形):\n   累積持有數量:31,760,000股\n   持股比例:69.10%\n   權利受限情形:無\n(12)迄目前為止，依「公開發行公司取得或處分資產處理準則」第三條所列之有價證\n券投資(含本次交易)占公司最近期財務報表中總資產及歸屬於母公司業主之權益之比\n例暨最近期財務報表中營運資金數額:不適用\n(13)經紀人及經紀費用:不適用\n(14)取得或處分之具體目的或用途:為提升本公司於再生能源市場之競爭力，並因應子\n公司財務需求\n(15)本次交易表示異議董事之意見:無\n(16)本次交易為關係人交易:是\n(17)董事會通過日期:115/01/19\n(18)監察人承認或審計委員會同意日期:115/01/19\n(19)本次交易會計師出具非合理性意見:不適用\n(20)會計師事務所名稱:不適用\n(21)會計師姓名:不適用\n(22)會計師開業證書字號:不適用\n(23)是否涉及營運模式變更:否\n(24)營運模式變更說明:無\n(25)過去一年及預計未來一年內與交易相對人交易情形:不適用\n(26)資金來源:不適用\n3.因應措施:不適用\n4.其他應敘明事項:無""]], ""footer"": [""以上資料均由各公司依發言當時所屬市場別之規定申報後，由本系統對外公佈，資料如有虛偽不實，均由該公司負責。""], ""header"": {""note"": [], ""subTitle"": [], ""mainTitle"": [""公司當日重大訊息之詳細內容""]}, ""titles"": [{""main"": ""序號"", ""sub"": []}, {""main"": ""發言日期"", ""sub"": []}, {""main"": ""發言時間"", ""sub"": []}, {""main"": ""發言人"", ""sub"": []}, {""main"": ""發言人職稱"", ""sub"": []}, {""main"": ""發言人電話"", ""sub"": []}, {""main"": ""主旨"", ""sub"": []}, {""main"": ""符合條款"", ""sub"": []}, {""main"": ""事實發生日"", ""sub"": []}, {""main"": ""說明"", ""sub"": []}], ""companyAbbreviation"": ""翰可能源""}, ""datetime"": ""115/01/19 19:44:18""}",2026-01-19 19:43:52
1150119|sii|911868|1,115/01/19,15:19:42,911868,同方友友-DR,係因有價證券於集中交易市場達公布注意交易資訊標準，故公布基本資料及相關財務業務等重大訊息，以利投資人區別瞭解。,有價證券,1150119,sii,1,"{""code"": 406, ""message"": ""查無相符資料"", ""result"": null, ""datetime"": ""115/01/19 19:44:19""}",2026-01-19 19:43:52
